Player Id,Name,Retired,Three_Year_Games,Height (inches),Weight (lbs),Three_Year_TD_INT,Three_Year_RUN_PASS,Three_Year_Completion_Percentage,Three_Year_Yards_per_game,Three_Year_Sacks_per_game,Three_Year_TD_per_game,Three_Year_Ints_per_game,Three_Year_Rush_per_game
a.j.feeley/2504566,"Feeley, A.J.",1,7,75,216,1.3333333333333333,0.005199306759098787,0.5714285714285714,164.85714285714286,1,1.1428571428571428,0.8571428571428571,0.8571428571428571
aaronrodgers/2506363,"Rodgers, Aaron",1,7,74,225,1,0.14285714285714285,0.5932203389830508,47,1.2857142857142858,0.14285714285714285,0.14285714285714285,6.714285714285714
ajmccarron/2543497,"McCarron, AJ",0,8,75,220,3,0.03629976580796253,0.6638655462184874,106.75,1.5,0.75,0.25,3.875
alanrisher/2524210,"Risher, Alan",1,19,74,190,1,0.13120567375886524,0.5945945945945946,29.68421052631579,0.631578947368421,0.15789473684210525,0.15789473684210525,3.8947368421052633
alexespinoza/2513700,"Espinoza, Alex",1,1,73,193,0,0.07246376811594203,0.6428571428571429,69,2,0,2,5
alexsmith/2506340,"Smith, Alex",1,32,76,217,0.6129032258064516,0.07245137849967942,0.54375,146.21875,2.53125,0.59375,0.96875,10.59375
alextanney/2534870,"Tanney, Alex",1,1,76,220,1,0,0.7142857142857143,99,3,1,0,0
alexvanpelt/2503454,"Van Pelt, Alex",1,1,73,220,2,0,0.5555555555555556,106,0,2,0,0
alpastrana/2522827,"Pastrana, Al",1,4,73,190,0.1111111111111111,0.2210242587601078,0.373134328358209,92.75,2,0.25,2.25,20.5
andreware/2503535,"Ware, Andre",1,9,74,205,0.6666666666666666,0.23067776456599287,0.5431034482758621,93.44444444444444,2.2222222222222223,0.4444444444444444,0.6666666666666666,21.555555555555557
andrewluck/2533031,"Luck, Andrew",1,48,76,240,2,0.06984641506521572,0.5857694429123,269.9375,2.0833333333333335,1.7916666666666667,0.8958333333333334,18.854166666666668
andrewwalter/2506408,"Walter, Andrew",1,13,78,230,0.23076923076923078,0.01749271137026239,0.5352112676056338,131.92307692307693,3.5384615384615383,0.23076923076923078,1,2.3076923076923075
andydalton/2495143,"Dalton, Andy",1,48,74,220,1.6326530612244898,0.04005281690140845,0.6085889570552148,236.66666666666666,2.0625,1.6666666666666667,1.0208333333333333,9.479166666666666
andyhall/2505960,"Hall, Andy",1,0,73,218,0,0,NA,NA,NA,NA,NA,NA
anthonydilweg/2512941,"Dilweg, Anthony",1,10,75,215,1.1428571428571428,0.08948194662480377,0.5284974093264249,127.4,2.2,0.8,0.7,11.4
archiemanning/2520076,"Manning, Archie",1,36,75,212,0.8157894736842105,0.13839629915188897,0.5112692763938316,144.11111111111111,2.888888888888889,0.8611111111111112,1.0555555555555556,19.944444444444443
artschlichter/2525042,"Schlichter, Art",1,12,75,210,0.3333333333333333,0.1646273637374861,0.4463276836158192,74.91666666666667,2.1666666666666665,0.25,0.75,12.333333333333334
babelaufenberg/2519150,"Laufenberg, Babe",1,0,74,198,0,0,NA,NA,NA,NA,NA,NA
benroethlisberger/2506109,"Roethlisberger, Ben",1,41,77,240,1.2093023255813953,0.036506632233830265,0.624031007751938,207.78048780487805,2.4146341463414633,1.2682926829268293,1.048780487804878,7.585365853658536
bernardquarles/2523635,"Quarles, Bernard",1,1,74,215,1,0.2,0.3333333333333333,40,0,1,1,8
berniekosar/2501648,"Kosar, Bernie",1,40,77,214,1.8076923076923077,0.0034258712344949795,0.5779109589041096,211.625,2,1.175,0.65,0.725
billcappleman/2511038,"Cappleman, Bill",1,1,75,210,0,0,0.5714285714285714,49,0,0,0,0
billdemory/2512778,"Demory, Bill",1,7,74,195,0.25,-0.006289308176100629,0.3076923076923077,22.714285714285715,1.1428571428571428,0.2857142857142857,1.1428571428571428,-0.14285714285714285
billkenney/2518350,"Kenney, Bill",1,16,76,211,0.7777777777777778,0.038415841584158415,0.5364431486880467,157.8125,1.5625,0.875,1.125,6.0625
billnelsen/2522007,"Nelsen, Bill",1,30,72,195,0.6904761904761905,-0.005199306759098787,0.5186846038863976,153.86666666666667,1.1,0.9666666666666667,1.4,-0.8
billransdell/2523746,"Ransdell, Bill",1,0,74,212,0,0,NA,NA,NA,NA,NA,NA
billyjoetolliver/2503371,"Tolliver, Billy Joe",1,27,73,217,0.9615384615384616,0.006663493574488339,0.5096011816838996,155.62962962962962,1.2962962962962963,0.9259259259259259,0.9629629629629629,1.037037037037037
billykilmer/2518441,"Kilmer, Billy",1,37,72,204,0.9722222222222222,0.008134805345729227,0.5485636114911081,139.54054054054055,1.135135135135135,0.9459459459459459,0.972972972972973,1.135135135135135
billyvolek/2503939,"Volek, Billy",1,1,74,214,0,0,0,0,0,0,0,0
blainegabbert/2495441,"Gabbert, Blaine",1,28,76,235,0.9166666666666666,0.042689924259811794,0.5328185328185329,155.60714285714286,2.642857142857143,0.7857142857142857,0.8571428571428571,6.642857142857143
blairkiel/2501608,"Kiel, Blair",1,13,72,200,2,0.0847457627118644,0.44,18.153846153846153,0.38461538461538464,0.15384615384615385,0,1.5384615384615385
blakebortles/2543477,"Bortles, Blake",0,46,77,239,1.3529411764705883,0.09678854194466685,0.5879249706916765,244.3695652173913,3.0434782608695654,1.5,1.108695652173913,23.652173913043477
bobbelden/2509327,"Belden, Bob",1,0,74,210,0,0,NA,NA,NA,NA,NA,NA
bobbyscott/2525221,"Scott, Bobby",1,11,73,201,0.7142857142857143,0.031096563011456628,0.392,55.54545454545455,0.9090909090909091,0.45454545454545453,0.6363636363636364,1.7272727272727273
bobdavis/2512622,"Davis, Bob",1,28,74,205,1.3333333333333333,0.24502487562189054,0.40625,28.714285714285715,0.7142857142857143,0.42857142857142855,0.32142857142857145,7.035714285714286
bobgagliano/2500736,"Gagliano, Bob",1,2,75,205,0,0,1,3.5,0,0,0,0
bobleahy/2519217,"Leahy, Bob",1,1,74,205,0,-0.3333333333333333,0.2727272727272727,18,1,0,1,-6
boblee/2519294,"Lee, Bob",1,22,74,195,0.8888888888888888,0.026500389711613406,0.5028571428571429,58.31818181818182,0.6363636363636364,0.36363636363636365,0.4090909090909091,1.5454545454545454
bobnaponic/2521949,"Naponic, Bob",1,2,72,190,0,0.1411764705882353,0.3,42.5,4,0,1,6
boomeresiason/2500562,"Esiason, Boomer",1,41,77,224,1.6875,0.036308623298033284,0.5738522954091816,193.46341463414635,1.5365853658536586,1.3170731707317074,0.7804878048780488,7.024390243902439
bradgoebel/2500825,"Goebel, Brad",1,6,75,214,0,0.006688963210702341,0.5423728813559322,49.833333333333336,1,0,1,0.3333333333333333
bradjohnson/2501411,"Johnson, Brad",1,4,77,235,0,-0.013333333333333334,0.5945945945945946,37.5,0.25,0,0,-0.5
bradleevanpelt/2505971,"Van Pelt, Bradlee",1,3,74,220,0,6.857142857142857,0.25,2.3333333333333335,0,0,0,16
bradyquinn/2495714,"Quinn, Brady",1,14,75,235,1.1111111111111112,0.06256572029442692,0.5212464589235127,135.85714285714286,1.4285714285714286,0.7142857142857143,0.6428571428571429,8.5
brandonallen/2555365,"Allen, Brandon",0,0,74,219,0,0,NA,NA,NA,NA,NA,NA
brandondoughty/2555302,"Doughty, Brandon",0,0,75,217,0,0,NA,NA,NA,NA,NA,NA
brandonweeden/2532970,"Weeden, Brandon",1,28,76,230,0.9285714285714286,0.028418527403579995,0.56,193.53571428571428,2,0.9285714285714286,1,5.5
brendanfolmar/2514202,"Folmar, Brendan",1,1,73,200,0,0,NA,0,0,0,0,0
brentpease/2522942,"Pease, Brent",1,20,74,201,0.3333333333333333,0.039141414141414144,0.45925925925925926,39.6,0.35,0.15,0.45,1.55
brettbasanez/2495803,"Basanez, Brett",1,1,73,208,0,0.03571428571428571,0.5454545454545454,56,0,0,1,2
brettfavre/2500606,"Favre, Brett",1,33,74,222,0.9487179487179487,0.06339969372128637,0.6218655967903711,197.87878787878788,1.9696969696969697,1.121212121212121,1.1818181818181819,12.545454545454545
bretthundley/2552588,"Hundley, Brett",0,4,75,226,0,-0.11764705882352941,0.2,4.25,0,0,0.25,-0.5
brettratliff/2507276,"Ratliff, Brett",1,0,76,224,0,0,NA,NA,NA,NA,NA,NA
brianhoyer/81294,"Hoyer, Brian",1,13,74,215,1,0.04895104895104895,0.627906976744186,22,0.15384615384615385,0.07692307692307693,0.07692307692307693,1.0769230769230769
brianransom/2523747,"Ransom, Brian",1,0,75,205,0,0,NA,NA,NA,NA,NA,NA
brockosweiler/2533436,"Osweiler, Brock",1,13,80,235,1,-0.06918238993710692,0.5666666666666667,12.23076923076923,0.15384615384615385,0.07692307692307693,0,-0.8461538461538461
browningnagle/2502257,"Nagle, Browning",1,18,75,220,0.4117647058823529,0.023718763235916984,0.49379652605459057,131.16666666666666,1.6666666666666667,0.3888888888888889,0.9444444444444444,3.111111111111111
brucemathison/2520334,"Mathison, Bruce",1,13,75,205,0.26666666666666666,0.13782816229116945,0.4978540772532189,128.92307692307693,1.6923076923076923,0.3076923076923077,1.1538461538461537,17.76923076923077
brycepetty/2552369,"Petty, Bryce",0,6,75,230,0.42857142857142855,0.023485784919653894,0.5639097744360902,134.83333333333334,2.1666666666666665,0.5,1.1666666666666667,3.1666666666666665
buckyrichardson/2502648,"Richardson, Bucky",1,16,73,228,1,0.17899761336515513,0.5243243243243243,78.5625,1.5625,0.375,0.375,14.0625
buddylee/2519272,"Lee, Buddy",1,0,76,215,0,0,NA,NA,NA,NA,NA,NA
byronleftwich/2505673,"Leftwich, Byron",1,40,77,250,1.4193548387096775,0.04097424838259546,0.58656330749354,197.075,1.675,1.1,0.775,8.075
calebhanie/2507385,"Hanie, Caleb",1,4,74,235,0,-0.015151515151515152,0.5714285714285714,16.5,0.5,0,0.25,-0.25
camnewton/2495455,"Newton, Cam",1,48,77,245,1.5238095238095237,0.17983892379856625,0.5979661016949153,235.39583333333334,2.375,1.3333333333333333,0.875,42.333333333333336
cardalejones/2555426,"Jones, Cardale",0,1,77,250,0,-0.010416666666666666,0.5454545454545454,96,1,0,1,-1
carsonpalmer/2505245,"Palmer, Carson",1,29,77,235,1.6666666666666667,0.01306995395811674,0.6461211477151966,232.17241379310346,1.5172413793103448,1.7241379310344827,1.0344827586206897,3.0344827586206895
carsonwentz/2555259,"Wentz, Carson",0,16,77,237,1.1428571428571428,0.03966155473294553,0.6243822075782537,236.375,2.0625,1,0.875,9.375
casekeenum/2532888,"Keenum, Case",1,16,73,205,1.6666666666666667,0.037049288785974195,0.567032967032967,188.9375,1.625,0.9375,0.5625,7
caseyweldon/2503589,"Weldon, Casey",1,21,73,206,0.3333333333333333,0.007849293563579277,0.4954954954954955,30.333333333333332,0.47619047619047616,0.047619047619047616,0.14285714285714285,0.23809523809523808
chadhenne/252,"Henne, Chad",1,32,75,219,0.8181818181818182,0.013448607108549471,0.6107030430220357,195.1875,1.75,0.84375,1.03125,2.625
chadmay/2501919,"May, Chad",1,0,73,219,0,0,NA,NA,NA,NA,NA,NA
chadpennington/2504181,"Pennington, Chad",1,18,75,225,4,0.018298261665141813,0.6768867924528302,182.16666666666666,1.3333333333333333,1.3333333333333333,0.3333333333333333,3.3333333333333335
chandlerharnish/2532856,"Harnish, Chandler",1,0,74,222,0,0,NA,NA,NA,NA,NA,NA
charleyjohnson/2517588,"Johnson, Charley",1,35,73,200,0.696969696969697,7.6103500761035e-4,0.524671052631579,112.62857142857143,0.9714285714285714,0.6571428571428571,0.9428571428571428,0.08571428571428572
charliebatch/2499567,"Batch, Charlie",1,38,74,216,1.3214285714285714,0.0777475845410628,0.5532994923857868,174.31578947368422,3,0.9736842105263158,0.7368421052631579,13.552631578947368
chasedaniel/81284,"Daniel, Chase",1,29,72,225,0,0.28888888888888886,0.75,1.5517241379310345,0.034482758620689655,0,0,0.4482758620689655
chrischandler/2500048,"Chandler, Chris",1,25,76,224,0.5238095238095238,0.10190839694656488,0.5303030303030303,104.8,1.44,0.44,0.84,10.68
chrisdittoe/2500407,"Dittoe, Chris",1,0,77,232,0,0,NA,NA,NA,NA,NA,NA
chrisredman/2504314,"Redman, Chris",1,8,75,225,2.3333333333333335,0.007597340930674264,0.5351351351351351,131.625,1.375,0.875,0.375,1
christianhackenberg/2555416,"Hackenberg, Christian",0,0,76,228,0,0,NA,NA,NA,NA,NA,NA
christianponder/2495215,"Ponder, Christian",1,36,74,230,1.1176470588235294,0.09679925419515227,0.6021717670286278,178.77777777777777,2.4722222222222223,1.0555555555555556,0.9444444444444444,17.305555555555557
chrisweinke/2504686,"Weinke, Chris",1,21,76,232,0.5,0.04403728704596593,0.5363321799307958,148.14285714285714,1.5238095238095237,0.5238095238095238,1.0476190476190477,6.523809523809524
cleolemon/2504793,"Lemon, Cleo",1,4,74,215,2,0.01699029126213592,0.5588235294117647,103,1.25,0.5,0.25,1.75
cliffolander/2522428,"Olander, Cliff",1,15,77,191,0,0.216,0.5,8.333333333333334,0.2,0,0.2,1.8
codycarlson/2499989,"Carlson, Cody",1,12,75,202,0.5714285714285714,0.035483870967741936,0.46853146853146854,77.5,1,0.3333333333333333,0.5833333333333334,2.75
codykessler/2555387,"Kessler, Cody",0,9,73,215,3,0.013043478260869565,0.6564102564102564,153.33333333333334,2.3333333333333335,0.6666666666666666,0.2222222222222222,2
codypickett/2505931,"Pickett, Cody",1,6,75,227,0,0.24102564102564103,0.4,32.5,0.8333333333333334,0,0.6666666666666666,7.833333333333333
colinkaepernick/2495186,"Kaepernick, Colin",1,32,76,230,2.8181818181818183,0.18569163694015062,0.5978090766823161,157.6875,1.71875,0.96875,0.34375,29.28125
coltmccoy/497123,"McCoy, Colt",1,24,73,215,1.05,0.08272561531449407,0.5826210826210826,182.83333333333334,2.4583333333333335,0.875,0.8333333333333334,15.125
connorcook/2555332,"Cook, Connor",0,1,76,217,1,0,0.6666666666666666,150,2,1,1,0
connorshaw/2550252,"Shaw, Connor",1,1,73,210,0,0.05084745762711865,0.5,177,4,0,1,9
corysauter/2502842,"Sauter, Cory",1,0,76,216,0,0,NA,NA,NA,NA,NA,NA
craigerickson/2500559,"Erickson, Craig",1,37,74,213,1.096774193548387,0.026747620610436496,0.536281179138322,164.7027027027027,1.5945945945945945,0.918918918918919,0.8378378378378378,4.405405405405405
craignall/2505146,"Nall, Craig",1,6,75,245,4,0.01592356687898089,0.696969696969697,52.333333333333336,0.3333333333333333,0.6666666666666666,0,0.8333333333333334
craigpenrose/2522986,"Penrose, Craig",1,16,75,211,0.45454545454545453,0.031484257871064465,0.4732142857142857,41.6875,0.3125,0.3125,0.6875,1.3125
craigwhelihan/2503609,"Whelihan, Craig",1,9,77,220,0.6,0.021370670596904937,0.4978902953586498,150.77777777777777,2.3333333333333335,0.6666666666666666,1.1111111111111112,3.2222222222222223
cullenfinnerty/2507303,"Finnerty, Cullen",1,0,74,223,0,0,NA,NA,NA,NA,NA,NA
curtispainter/81300,"Painter, Curtis",1,11,76,230,0.5454545454545454,0.06834975369458128,0.5166051660516605,147.63636363636363,1.7272727272727273,0.5454545454545454,1,10.090909090909092
dakprescott/2555260,"Prescott, Dak",0,16,74,226,5.75,0.07690209980910827,0.6775599128540305,229.1875,1.5625,1.4375,0.25,17.625
dandarragh/2512467,"Darragh, Dan",1,3,75,196,0,0.36619718309859156,0.3793103448275862,23.666666666666668,1.6666666666666667,0,0.6666666666666666,8.666666666666666
danfouts/2514293,"Fouts, Dan",1,30,75,204,0.42857142857142855,0.06045156591405681,0.4918032786885246,137.3,1.7,0.5,1.1666666666666667,8.3
dangonzalez/2500833,"Gonzalez, Dan",1,0,75,214,0,0,NA,NA,NA,NA,NA,NA
danlefevour/497119,"LeFevour, Dan",1,0,75,230,0,0,NA,NA,NA,NA,NA,NA
danmanucci/2520096,"Manucci, Dan",1,16,74,196,0,0.453125,0.8333333333333334,4,0.3125,0,0,1.8125
danmarino/2501869,"Marino, Dan",1,43,76,228,2.227272727272727,0.001224739742804654,0.6103714085494043,265.83720930232556,0.9534883720930233,2.2790697674418605,1.0232558139534884,0.32558139534883723
dannykanell/2501560,"Kanell, Danny",1,29,75,218,1.1578947368421053,0.010582010582010581,0.5178571428571429,117.3103448275862,1.4482758620689655,0.7586206896551724,0.6551724137931034,1.2413793103448276
danorlovsky/2506481,"Orlovsky, Dan",1,2,77,215,0,0,0.4117647058823529,31.5,0.5,0,0,0
danpastorini/2522826,"Pastorini, Dan",1,41,74,208,0.38,0.091317671092952,0.4947613504074505,119.39024390243902,2.1219512195121952,0.4634146341463415,1.2195121951219512,10.902439024390244
darrellhackney/2495842,"Hackney, Darrell",1,0,72,248,0,0,NA,NA,NA,NA,NA,NA
darylelamonica/2519016,"Lamonica, Daryle",1,37,75,215,1.2820512820512822,0.012841680425609979,0.5046480743691899,147.32432432432432,1.054054054054054,1.3513513513513513,1.054054054054054,1.8918918918918919
davebarr/2499554,"Barr, Dave",1,2,75,210,0,0.11904761904761904,0.5555555555555556,21,0.5,0,0,2.5
davedickenson/2504341,"Dickenson, Dave",1,0,71,185,0,0,NA,NA,NA,NA,NA,NA
davelewis/2519428,"Lewis, Dave",1,42,74,216,0,0.5087719298245614,0.42857142857142855,1.3571428571428572,0.09523809523809523,0,0,0.6904761904761905
davemays/2520441,"Mays, Dave",1,12,73,204,0.6363636363636364,0.017075773745997867,0.5128205128205128,78.08333333333333,0.75,0.5833333333333334,0.9166666666666666,1.3333333333333333
daverader/2523678,"Rader, Dave",1,0,75,215,0,0,NA,NA,NA,NA,NA,NA
daveragone/2505594,"Ragone, Dave",1,2,75,221,0,0.37777777777777777,0.5,67.5,4,0,0.5,25.5
davewalter/2528179,"Walter, Dave",1,3,75,230,0,0.6194690265486725,0.47619047619047616,37.666666666666664,0.6666666666666666,0,0,23.333333333333332
davidarcher/2499447,"Archer, David",1,28,74,200,0.7083333333333334,0.16183816183816183,0.5195246179966044,143,2.8214285714285716,0.6071428571428571,0.8571428571428571,23.142857142857142
davidcarr/2504804,"Carr, David",1,44,75,212,0.8095238095238095,0.08997050147492626,0.5684647302904564,184.9090909090909,3.1818181818181817,0.7727272727272727,0.9545454545454546,16.636363636363637
davidfales/2543751,"Fales, David",0,1,73,212,0,0,0.4,22,1,0,0,0
davidgarrard/2505101,"Garrard, David",1,10,73,236,1.3333333333333333,0.3111432706222865,0.5384615384615384,69.1,1.3,0.4,0.3,21.5
davidjaynes/2517445,"Jaynes, David",1,2,74,212,0,0,0,0,0,0,0.5,0
davidklingler/2501636,"Klingler, David",1,28,75,215,0.75,0.11075949367088607,0.5476190476190477,135.42857142857142,2.9285714285714284,0.5357142857142857,0.7142857142857143,15
davidlindley/2519522,"Lindley, David",1,0,72,190,0,0,NA,NA,NA,NA,NA,NA
davidnorrie/2522252,"Norrie, David",1,2,76,220,0.25,0.013297872340425532,0.5147058823529411,188,7.5,0.5,2,2.5
davidrivers/2504411,"Rivers, David",1,0,74,221,0,0,NA,NA,NA,NA,NA,NA
deancarlson/2511074,"Carlson, Dean",1,1,75,210,0,0.14655172413793102,0.4666666666666667,116,2,0,1,17
deanmay/2520411,"May, Dean",1,2,77,220,0,0,1,16.5,0,0,0,0
dennisshaw/2525401,"Shaw, Dennis",1,39,75,217,0.4918032786885246,0.06810543074473731,0.5317848410757946,144.94871794871796,2.8205128205128207,0.7692307692307693,1.564102564102564,9.871794871794872
derekanderson/2506546,"Anderson, Derek",1,21,78,235,1.2592592592592593,0.02554585152838428,0.5652173913043478,218.0952380952381,1.0476190476190477,1.619047619047619,1.2857142857142858,5.571428571428571
derekcarr/2543499,"Carr, Derek",0,47,75,215,2.6129032258064515,0.026800071466857246,0.609122401847575,238.17021276595744,1.5106382978723405,1.7234042553191489,0.6595744680851063,6.382978723404255
dominiquedavis/2532829,"Davis, Dominique",1,1,75,210,0,0,0.7142857142857143,34,0,0,0,0
dongault/2514710,"Gault, Don",1,2,74,190,0,0,0.10526315789473684,33.5,0.5,0,1.5,0
donmajkowski/2501847,"Majkowski, Don",1,35,74,208,1.1764705882352942,0.09650952579613406,0.553314121037464,205.45714285714286,2.4285714285714284,1.1428571428571428,0.9714285714285714,19.82857142857143
dougflutie/2500660,"Flutie, Doug",1,17,70,180,1,0.15087719298245614,0.52,100.58823529411765,1.0588235294117647,0.7058823529411765,0.7058823529411765,15.176470588235293
douggaynor/2514730,"Gaynor, Doug",1,1,74,205,0,0.13333333333333333,1,30,1,0,0,4
dougjohnson/2503961,"Johnson, Doug",1,13,74,218,0.8333333333333334,0.04446978335233751,0.5891472868217055,67.46153846153847,1.3846153846153846,0.38461538461538464,0.46153846153846156,3
dougnussmeier/2502319,"Nussmeier, Doug",1,2,75,211,1,0.022058823529411766,0.56,136,1.5,0.5,0.5,3
dougpederson/2502434,"Pederson, Doug",1,7,75,222,0,-0.024390243902439025,0.5,5.857142857142857,0.14285714285714285,0,0,-0.14285714285714285
drewbrees/2504775,"Brees, Drew",1,28,72,209,0.9354838709677419,0.04133262070194192,0.594059405940594,200.46428571428572,1.6785714285714286,1.0357142857142858,1.1071428571428572,8.285714285714286
drewolson/2506840,"Olson, Drew",1,0,74,222,0,0,NA,NA,NA,NA,NA,NA
drewstanton/2495748,"Stanton, Drew",1,12,75,243,0.5555555555555556,0.14335060449050085,0.5561497326203209,96.5,1.4166666666666667,0.4166666666666667,0.75,13.833333333333334
edbaker/2508870,"Baker, Ed",1,1,74,200,0,0.19148936170212766,0.4,47,2,0,4,9
eddhargett/2515836,"Hargett, Edd",1,34,71,185,1.1111111111111112,0.01509985387238188,0.4540059347181009,60.38235294117647,0.5,0.29411764705882354,0.2647058823529412,0.9117647058823529
ejmanuel/2539228,"Manuel, EJ",1,22,76,237,1.2666666666666666,0.08958765944823495,0.5911708253358925,153.22727272727272,1.8181818181818181,0.8636363636363636,0.6818181818181818,13.727272727272727
elimanning/2505996,"Manning, Eli",1,41,76,218,1.2272727272727273,0.016896508883091067,0.5407523510971787,196.3170731707317,1.6097560975609757,1.3170731707317074,1.0731707317073171,3.317073170731707
ericzeier/2503851,"Zeier, Eric",1,13,73,214,1.0909090909090908,0.05471599791558103,0.5335570469798657,147.6153846153846,2.769230769230769,0.9230769230769231,0.8461538461538461,8.076923076923077
erikainge/363,"Ainge, Erik",1,0,77,221,0,0,NA,NA,NA,NA,NA,NA
frankpatrick/2522839,"Patrick, Frank",1,4,79,225,0,0.04672897196261682,0.34782608695652173,26.75,1.75,0,0.5,1.25
frankreich/2502624,"Reich, Frank",1,4,76,210,0,0,0.5,30.75,0.5,0,0.5,0
frankseurer/2525343,"Seurer, Frank",1,9,73,195,0,0.09705882352941177,0.4727272727272727,37.77777777777778,1.1111111111111112,0,0.4444444444444444,3.6666666666666665
frantarkenton/2527019,"Tarkenton, Fran",1,41,72,190,1.0434782608695652,0.0659161976235147,0.572419774501301,195,2.1707317073170733,1.170731707317073,1.1219512195121952,12.853658536585366
galegilbert/2500803,"Gilbert, Gale",1,25,75,209,0.8,0.017069701280227598,0.5258620689655172,28.12,0.2,0.16,0.2,0.48
garrettgrayson/2552371,"Grayson, Garrett",1,0,74,220,0,0,NA,NA,NA,NA,NA,NA
garydanielson/2512449,"Danielson, Gary",1,30,74,195,0.8636363636363636,0.056589996349032494,0.5343680709534369,91.3,1.1333333333333333,0.6333333333333333,0.7333333333333333,5.166666666666667
garykeithley/2518235,"Keithley, Gary",1,13,75,210,0.2,0.07859078590785908,0.4383561643835616,28.384615384615383,0.38461538461538464,0.07692307692307693,0.38461538461538464,2.230769230769231
garymarangi/2520112,"Marangi, Gary",1,19,73,201,0.5714285714285714,0.23889293517844137,0.3674911660777385,72.26315789473684,1.3157894736842106,0.631578947368421,1.105263157894737,17.263157894736842
genosmith/2539335,"Smith, Geno",1,31,75,221,0.7714285714285715,0.10932145305003427,0.5786384976525821,188.25806451612902,2.3870967741935485,0.8709677419354839,1.1290322580645162,20.580645161290324
gibranhamdan/2505614,"Hamdan, Gibran",1,1,76,220,0,0,0.5,7,1,0,0,0
giffordnielsen/2522154,"Nielsen, Gifford",1,34,76,205,1.3333333333333333,0.016826923076923076,0.5217391304347826,12.235294117647058,0.14705882352941177,0.11764705882352941,0.08823529411764706,0.20588235294117646
gilbertrenfroe/2523967,"Renfroe, Gilbert",1,0,73,195,0,0,NA,NA,NA,NA,NA,NA
giovannicarmazzi/2504269,"Carmazzi, Giovanni",1,0,75,224,0,0,NA,NA,NA,NA,NA,NA
glenncarano/2511047,"Carano, Glenn",1,5,75,201,0,0,NA,0,0,0,0,0
glennfoley/2500666,"Foley, Glenn",1,7,74,220,0.3333333333333333,0.06693989071038252,0.5102040816326531,104.57142857142857,1.8571428571428572,0.42857142857142855,1.2857142857142858,7
glenninverso/2517174,"Inverso, Glenn",1,0,73,199,0,0,NA,NA,NA,NA,NA,NA
grahamharrell/71321,"Harrell, Graham",1,4,74,215,0,-0.15,0.5,5,0,0,0,-0.75
greggtipton/2527460,"Tipton, Gregg",1,0,75,191,0,0,NA,NA,NA,NA,NA,NA
gregknafelc/2518624,"Knafelc, Greg",1,6,76,220,0,0,NA,0,0,0,0,0
greglandry/2519027,"Landry, Greg",1,38,76,210,1.1470588235294117,0.25175644028103045,0.5415335463258786,134.8421052631579,2.0526315789473686,1.0263157894736843,0.8947368421052632,33.94736842105263
halchealander/2511386,"Chealander, Hal",1,0,76,218,0,0,NA,NA,NA,NA,NA,NA
huntercantwell/81278,"Cantwell, Hunter",1,0,76,236,0,0,NA,NA,NA,NA,NA,NA
inglemartin/2495896,"Martin, Ingle",1,1,74,220,0,-5,NA,0,0,0,0,-5
j.t.o'sullivan/2505163,"O'Sullivan, J.T.",1,1,74,232,0,-2,NA,0,0,0,0,-2
jackthompson/2527335,"Thompson, Jack",1,31,75,217,0.6842105263157895,0.09652509652509653,0.47297297297297297,66.83870967741936,1.1612903225806452,0.41935483870967744,0.6129032258064516,6.451612903225806
jacobybrissett/2555261,"Brissett, Jacoby",0,3,76,235,0,0.2075,0.6181818181818182,133.33333333333334,2,0,0,27.666666666666668
jakedelhomme/2500361,"Delhomme, Jake",1,2,74,215,0.6,0.1381957773512476,0.5526315789473685,260.5,3,1.5,2.5,36
jakerudock/2556232,"Rudock, Jake",0,0,75,207,0,0,NA,NA,NA,NA,NA,NA
jameillshowers/2553600,"Showers, Jameill",1,0,74,230,0,0,NA,NA,NA,NA,NA,NA
jameiswinston/2552033,"Winston, Jameis",0,32,76,231,1.5151515151515151,0.04648303000491884,0.5961887477313974,254.125,1.9375,1.5625,1.03125,11.8125
jamesharris/2515950,"Harris, James",1,14,76,210,0.4,0.04,0.49019607843137253,60.714285714285715,1.6428571428571428,0.2857142857142857,0.7142857142857143,2.4285714285714284
jamesritchey/2502676,"Ritchey, James",1,1,74,220,0,0.4,1,15,1,0,0,6
jamiemartin/2501888,"Martin, Jamie",1,0,74,205,0,0,NA,NA,NA,NA,NA,NA
jaredgoff/2555334,"Goff, Jared",0,7,76,215,0.7142857142857143,0.014692378328741965,0.5463414634146342,155.57142857142858,3.7142857142857144,0.7142857142857143,1,2.2857142857142856
jariousjackson/2504292,"Jackson, Jarious",1,4,72,228,0,0.0821917808219178,0.5384615384615384,18.25,0.5,0,0,1.5
jasoncampbell/2506364,"Campbell, Jason",1,20,77,235,1.2941176470588236,0.07305479109331998,0.5769230769230769,199.85,1.4,1.1,0.85,14.6
jasonfife/2505741,"Fife, Jason",1,0,76,226,0,0,NA,NA,NA,NA,NA,NA
jasongarrett/2500770,"Garrett, Jason",1,8,74,200,3,-0.026066350710900472,0.5272727272727272,52.75,0.375,0.375,0.125,-1.375
jasongesser/2505383,"Gesser, Jason",1,0,73,204,0,0,NA,NA,NA,NA,NA,NA
jaybarker/2499535,"Barker, Jay",1,0,75,220,0,0,NA,NA,NA,NA,NA,NA
jaycutler/2495824,"Cutler, Jay",1,37,75,231,1.4594594594594594,0.046875,0.6245901639344262,243.8918918918919,1.3783783783783783,1.4594594594594594,1,11.432432432432432
jayfiedler/2500619,"Fiedler, Jay",1,0,74,225,0,0,NA,NA,NA,NA,NA,NA
jayschroeder/2502859,"Schroeder, Jay",1,25,76,215,1,0.01383150709538351,0.5173333333333333,222.68,1.72,1.08,1.08,3.08
jayvenuto/2527934,"Venuto, Jay",1,0,73,197,0,0,NA,NA,NA,NA,NA,NA
jaywalker/2528101,"Walker, Jay",1,1,75,229,0,0,1,31,0,0,0,0
jeffbaker/2499500,"Baker, Jeff",1,0,75,215,0,0,NA,NA,NA,NA,NA,NA
jeffcarlson/2499990,"Carlson, Jeff",1,7,75,215,0.2222222222222222,0.08962264150943396,0.4298245614035088,90.85714285714286,2,0.2857142857142857,1.2857142857142858,8.142857142857142
jeffchristensen/2511457,"Christensen, Jeff",1,1,75,202,0,-2,NA,0,0,0,0,-2
jefffrancis/2500696,"Francis, Jeff",1,1,76,215,0,0,1,26,0,0,0,0
jeffgarcia/2500758,"Garcia, Jeff",1,45,73,205,2.242424242424242,0.08677606177606177,0.6222222222222222,230.22222222222223,1.4444444444444444,1.6444444444444444,0.7333333333333333,19.977777777777778
jeffgeorge/2500788,"George, Jeff",1,39,76,214,0.825,0.0091103202846975085,0.5688888888888889,180.12820512820514,3.076923076923077,0.8461538461538461,1.0256410256410255,1.641025641025641
jeffkelly/2505197,"Kelly, Jeff",1,0,73,212,0,0,NA,NA,NA,NA,NA,NA
jeffkemp/2501589,"Kemp, Jeff",1,5,72,201,1,0.04375,0.45161290322580644,32,0.8,0.2,0.2,1.4
jeffknapple/2518630,"Knapple, Jeff",1,2,74,200,0,0,0.25,7.5,0,0,0,0
jeffkomlo/2518712,"Komlo, Jeff",1,23,74,200,0.4444444444444444,0.04306969459671104,0.4988344988344988,111.04347826086956,1.9565217391304348,0.5217391304347826,1.173913043478261,4.782608695652174
jefflewis/2501745,"Lewis, Jeff",1,5,74,211,0,0.5189873417721519,0.5263157894736842,15.8,0.4,0,0.2,8.2
jeffquinn/2523656,"Quinn, Jeff",1,0,75,205,0,0,NA,NA,NA,NA,NA,NA
jeffvanraaphorst/2527883,"Van Raaphorst, Jeff",1,2,73,210,0.5,0.034482758620689655,0.5294117647058824,87,1.5,0.5,1,3
jerrygolsteyn/2515026,"Golsteyn, Jerry",1,15,76,207,0.18181818181818182,-0.012915129151291513,0.37815126050420167,36.13333333333333,1.6,0.13333333333333333,0.7333333333333333,-0.4666666666666667
jerryrhome/2524041,"Rhome, Jerry",1,25,72,190,0.3333333333333333,0.030120481927710843,0.47651006711409394,33.2,0.4,0.12,0.36,1
jerrytagge/2526982,"Tagge, Jerry",1,18,74,220,0.17647058823529413,0.0739102969046115,0.48398576512455516,87.94444444444444,0.9444444444444444,0.16666666666666666,0.9444444444444444,6.5
jessepalmer/2504732,"Palmer, Jesse",1,8,74,219,0.75,0.03558718861209965,0.525,70.25,2,0.375,0.5,2.5
jimballard/2499514,"Ballard, Jim",1,0,75,223,0,0,NA,NA,NA,NA,NA,NA
jimbobtaylor/2527093,"Taylor, Jim Bob",1,8,74,205,0,0,0.5,2.5,0,0,0.125,0
jimdelgaizo/2512747,"Del Gaizo, Jim",1,14,73,198,0.375,0.028225806451612902,0.42168674698795183,35.42857142857143,0.5,0.21428571428571427,0.5714285714285714,1
jimeverett/2500577,"Everett, Jim",1,33,77,212,1.2564102564102564,0.033068407607152996,0.562111801242236,213.5151515151515,1.606060606060606,1.4848484848484849,1.1818181818181819,7.0606060606060606
jimfassel/2513863,"Fassel, Jim",1,0,73,210,0,0,NA,NA,NA,NA,NA,NA
jimharbaugh/2501019,"Harbaugh, Jim",1,28,75,215,0.45454545454545453,0.22528089887640448,0.5804195804195804,63.57142857142857,1,0.17857142857142858,0.39285714285714285,14.321428571428571
jimhart/2516025,"Hart, Jim",1,29,73,215,0.7222222222222222,0.00850520944078248,0.46075581395348836,162.17241379310346,1.5517241379310345,0.896551724137931,1.2413793103448276,1.3793103448275863
jimkelly/2501579,"Kelly, Jim",1,44,75,226,1.2444444444444445,0.04973902364138778,0.5951147298297558,222.0681818181818,2.272727272727273,1.2727272727272727,1.0227272727272727,11.045454545454545
jimmygaroppolo/2543801,"Garoppolo, Jimmy",0,17,74,225,5,0.014492753623188406,0.6702127659574468,40.588235294117645,0.47058823529411764,0.29411764705882354,0,0.5882352941176471
jimward/2528222,"Ward, Jim",1,2,74,196,0,0,1,2,0,0,0,0
jimzorn/2529688,"Zorn, Jim",1,40,74,200,0.6515151515151515,0.08977589179153958,0.4942630185348632,188.525,2,1.075,1.65,16.925
joebarnes/2509020,"Barnes, Joe",1,3,71,205,0,0.6551724137931034,0.2222222222222222,9.666666666666666,1,0,0.3333333333333333,6.333333333333333
joecallahan/2556492,"Callahan, Joe",0,0,73,216,0,0,NA,NA,NA,NA,NA,NA
joeferguson/2513953,"Ferguson, Joe",1,42,73,195,1.0512820512820513,0.06864526549565919,0.5034867503486751,117.92857142857143,1.7142857142857142,0.9761904761904762,0.9285714285714286,8.095238095238095
joeflacco/382,"Flacco, Joe",1,48,78,245,1.7647058823529411,0.0313541054281795,0.6200564971751412,212.625,2.25,1.25,0.7083333333333334,6.666666666666667
joegermaine/2500795,"Germaine, Joe",1,3,74,220,0.5,0,0.5625,45.333333333333336,1,0.3333333333333333,0.6666666666666666,0
joegilliam/2514891,"Gilliam, Joe",1,15,74,187,0.4166666666666667,0.03295019157088123,0.3948497854077253,87,0.6,0.3333333333333333,0.8,2.8666666666666667
joehamilton/2504199,"Hamilton, Joe",1,1,70,190,0,-2,NA,0,1,0,0,-2
joekapp/2518137,"Kapp, Joe",1,11,74,215,0.17647058823529413,0.06431159420289854,0.4474885844748858,100.36363636363636,2.4545454545454546,0.2727272727272727,1.5454545454545454,6.454545454545454
joenamath/2521943,"Namath, Joe",1,22,74,200,0.7435897435897436,0.0013009540329575022,0.498220640569395,209.63636363636363,0.7727272727272727,1.3181818181818181,1.7727272727272727,0.2727272727272727
joepisarcik/2523269,"Pisarcik, Joe",1,32,76,220,0.4186046511627907,0.03292284493591355,0.44461538461538463,124.34375,2.40625,0.5625,1.34375,4.09375
joereed/2523867,"Reed, Joe",1,20,73,195,0.3076923076923077,0.23646408839779007,0.425531914893617,45.25,0.85,0.2,0.65,10.7
joetheismann/2527196,"Theismann, Joe",1,37,72,192,0.7692307692307693,0.11198120595144871,0.5,34.513513513513516,0.7027027027027027,0.2702702702702703,0.35135135135135137,3.864864864864865
joewebb/1037347,"Webb, Joe",1,17,76,235,0.6,0.32004689331770225,0.5789473684210527,50.1764705882353,0.6470588235294118,0.17647058823529413,0.29411764705882354,16.058823529411764
joeyharrington/2505011,"Harrington, Joey",1,46,76,210,0.96,0.032234521347767914,0.5421195652173914,178.7173913043478,1.1521739130434783,1.0434782608695652,1.0869565217391304,5.760869565217392
johnbeck/2507171,"Beck, John",1,5,74,217,0.3333333333333333,0.02146690518783542,0.5607476635514018,111.8,2,0.2,0.6,2.4
johnelway/2500547,"Elway, John",1,42,75,215,0.9038461538461539,0.07801766437684005,0.5337620578778135,194.0952380952381,2.142857142857143,1.119047619047619,1.2380952380952381,15.142857142857142
johnfourcade/2514290,"Fourcade, John",1,17,73,208,1.5714285714285714,0.14734774066797643,0.5532994923857868,89.82352941176471,1.1176470588235294,0.6470588235294118,0.4117647058823529,13.235294117647058
johnhadl/2515554,"Hadl, John",1,38,73,214,0.8548387096774194,0.038824333561175664,0.5246212121212122,192.5,1.8157894736842106,1.394736842105263,1.631578947368421,7.473684210526316
johnmccarthy/2520526,"McCarthy, John",1,0,76,212,0,0,NA,NA,NA,NA,NA,NA
johnnavarre/2506020,"Navarre, John",1,2,78,243,0.4,0,0.5,171,2.5,1,2.5,0
johnnyjohnson/2501432,"Johnson, Johnny",1,0,73,202,0,0,NA,NA,NA,NA,NA,NA
johnnymanziel/2543462,"Manziel, Johnny",1,14,72,210,1,0.1546268656716418,0.5697674418604651,119.64285714285714,1.5714285714285714,0.5,0.5,18.5
johnnyunitas/2527792,"Unitas, Johnny",1,34,73,194,0.625,0.008899876390605686,0.5296,118.97058823529412,1.3529411764705883,0.5882352941176471,0.9411764705882353,1.0588235294117647
johnpaci/2502380,"Paci, John",1,0,75,218,0,0,NA,NA,NA,NA,NA,NA
johnpaye/2522896,"Paye, John",1,0,75,205,0,0,NA,NA,NA,NA,NA,NA
johnreaves/2523820,"Reaves, John",1,16,75,210,0.4666666666666667,0.07395898073337477,0.44866920152091255,100.5625,2.75,0.4375,0.9375,7.4375
johnwalsh/2503523,"Walsh, John",1,0,76,215,0,0,NA,NA,NA,NA,NA,NA
johnwalton/2528196,"Walton, John",1,7,74,210,0,0.008,0.41379310344827586,17.857142857142858,0.14285714285714285,0,0.2857142857142857,0.14285714285714285
jonathanquinn/2502570,"Quinn, Jonathan",1,5,78,240,0.6666666666666666,0.1937984496124031,0.53125,77.4,1.8,0.4,0.6,15
jonkitna/2501630,"Kitna, Jon",1,24,74,220,1.1923076923076923,0.026971802206783815,0.5603932584269663,203.91666666666666,1.9166666666666667,1.2916666666666667,1.0833333333333333,5.5
jordanpalmer/2507237,"Palmer, Jordan",1,4,77,230,0,0.06779661016949153,0.6666666666666666,14.75,1,0,0.5,1
joshharris/2534538,"Harris, Josh",1,0,73,238,0,0,NA,NA,NA,NA,NA,NA
joshmccown/2505076,"McCown, Josh",1,24,76,218,0.8888888888888888,0.08066759388038942,0.5658783783783784,149.79166666666666,2.5416666666666665,0.6666666666666666,0.75,12.083333333333334
joshuanesbitt/2530723,"Nesbitt, Joshua",1,0,73,213,0,0,NA,NA,NA,NA,NA,NA
keithnull/238471,"Null, Keith",1,4,76,219,0.3333333333333333,0.01060070671378092,0.6134453781512605,141.5,3.25,0.75,2.25,1.5
kellenclemens/2506895,"Clemens, Kellen",1,14,74,220,0.45454545454545453,0.07588424437299035,0.51953125,111.07142857142857,2.2142857142857144,0.35714285714285715,0.7857142857142857,8.428571428571429
kellenmoore/2532917,"Moore, Kellen",1,0,72,200,0,0,NA,NA,NA,NA,NA,NA
kenanderson/2508498,"Anderson, Ken",1,38,74,212,1.3043478260869565,0.06168260784696467,0.5545335085413929,134.81578947368422,1.7105263157894737,0.7894736842105263,0.6052631578947368,8.31578947368421
kenjohnson/2517690,"Johnson, Ken",1,0,74,205,0,0,NA,NA,NA,NA,NA,NA
kenkarcher/2518144,"Karcher, Ken",1,4,75,205,1.5,0.003968253968253968,0.543859649122807,189,1.25,1.5,1,0.75
keno'brien/2502323,"O'Brien, Ken",1,26,76,210,2.066666666666667,0.016446124763705106,0.597684515195369,203.46153846153845,3.230769230769231,1.1923076923076923,0.5769230769230769,3.3461538461538463
kentnix/2522175,"Nix, Kent",1,21,74,195,0.5625,0.014326647564469915,0.417910447761194,49.857142857142854,0.8095238095238095,0.42857142857142855,0.7619047619047619,0.7142857142857143
kerwinbell/2499604,"Bell, Kerwin",1,0,75,210,0,0,NA,NA,NA,NA,NA,NA
kevindaft/2500269,"Daft, Kevin",1,0,73,207,0,0,NA,NA,NA,NA,NA,NA
keviningram/2517164,"Ingram, Kevin",1,2,72,178,1,2.8,0.5,2.5,0.5,0.5,0,7
kevinkolb/2507169,"Kolb, Kevin",1,12,75,218,0.5714285714285714,-0.0011299435028248588,0.6076923076923076,73.75,0.4166666666666667,0.3333333333333333,0.5833333333333334,-0.08333333333333333
kevino'connell/371,"O'Connell, Kevin",1,2,77,225,0,-0.2608695652173913,0.6666666666666666,11.5,0.5,0,0,-3
kevinthompson/2504035,"Thompson, Kevin",1,1,77,236,0,0,1,8,0,0,0,0
kimhammond/2515715,"Hammond, Kim",1,0,73,190,0,0,NA,NA,NA,NA,NA,NA
kirkcousins/2532820,"Cousins, Kirk",1,14,75,210,0.9473684210526315,0.018481848184818482,0.5896805896805897,216.42857142857142,1.1428571428571428,1.2857142857142858,1.3571428571428572,4
kirkfarmer/2505406,"Farmer, Kirk",1,0,77,218,0,0,NA,NA,NA,NA,NA,NA
kliffkingsbury/2505539,"Kingsbury, Kliff",1,1,75,220,0,0,0.5,17,0,0,0,0
koydetmer/2500378,"Detmer, Koy",1,25,73,195,1,0.02181208053691275,0.5071090047393365,47.68,0.2,0.32,0.32,1.04
kurtkittner/2505140,"Kittner, Kurt",1,7,74,211,0.3333333333333333,0.03324808184143223,0.38596491228070173,55.857142857142854,0.7142857142857143,0.2857142857142857,0.8571428571428571,1.8571428571428572
kurtwarner/2503540,"Warner, Kurt",1,28,74,214,2,0.013936836721646848,0.6581096849474912,279.32142857142856,1.75,2.2142857142857144,1.1071428571428572,3.892857142857143
kylemackey/2519921,"Mackey, Kyle",1,0,75,220,0,0,NA,NA,NA,NA,NA,NA
kyleorton/2506444,"Orton, Kyle",1,18,76,228,0.8,0.018321261184490838,0.5200892857142857,130.38888888888889,1.7777777777777777,0.6666666666666666,0.8333333333333334,2.388888888888889
landryjones/2539287,"Jones, Landry",1,7,76,225,0.75,-0.009746588693957114,0.5818181818181818,73.28571428571429,0.2857142857142857,0.42857142857142855,0.5714285714285714,-0.7142857142857143
langcampbell/2506286,"Campbell, Lang",1,0,73,199,0,0,NA,NA,NA,NA,NA,NA
larrycipa/2511498,"Cipa, Larry",1,8,75,209,0.3333333333333333,0.08726415094339622,0.3695652173913043,53,0.875,0.125,0.375,4.625
larryfortner/2514263,"Fortner, Larry",1,0,76,209,0,0,NA,NA,NA,NA,NA,NA
larrylawrence/2519183,"Lawrence, Larry",1,9,73,208,0,0.45569620253164556,0.2903225806451613,8.777777777777779,0.6666666666666666,0,0.4444444444444444,4
leesaltz/2502811,"Saltz, Lee",1,0,73,200,0,0,NA,NA,NA,NA,NA,NA
lendawson/2512662,"Dawson, Len",1,39,72,190,1.1428571428571428,0.02231686541737649,0.5610640870616687,150.51282051282053,2.128205128205128,1.0256410256410255,0.8974358974358975,3.358974358974359
leohart/2516029,"Hart, Leo",1,3,75,203,0,0.3584905660377358,0.375,17.666666666666668,1.3333333333333333,0,1,6.333333333333333
loganthomas/2543767,"Thomas, Logan",0,2,78,250,1,0,0.1111111111111111,40.5,1,0.5,0,0
lukemccown/2506053,"McCown, Luke",1,5,76,217,0.5714285714285714,0.04111842105263158,0.4897959183673469,121.6,2.4,0.8,1.4,5
lynndickey/2512900,"Dickey, Lynn",1,18,75,214,0.375,0.008028545941123996,0.535031847133758,62.27777777777778,0.8888888888888888,0.3333333333333333,0.8888888888888888,0.5
marcusmariota/2552466,"Mariota, Marcus",0,27,76,222,2.3684210526315788,0.09625240230621397,0.6163215590742996,231.25925925925927,2.259259259259259,1.6666666666666667,0.7037037037037037,22.25925925925926
markhartsell/2501071,"Hartsell, Mark",1,1,76,225,0,0,0,0,0,0,0,0
markmalone/2520038,"Malone, Mark",1,9,76,223,0.6,0.12296564195298372,0.5113636363636364,61.44444444444444,1.1111111111111112,0.3333333333333333,0.5555555555555556,7.555555555555555
markmanges/2520057,"Manges, Mark",1,1,74,210,0,0,NA,0,0,0,0,0
markreed/2523870,"Reed, Mark",1,1,75,201,0,0.7941176470588235,0.6,34,0,0,1,27
markvlasic/2503477,"Vlasic, Mark",1,3,75,206,0.3333333333333333,0,0.4827586206896552,92.66666666666667,1.3333333333333333,0.3333333333333333,1,0
mattcassel/2506562,"Cassel, Matt",1,14,76,228,1,0.11067193675889328,0.5641025641025641,18.071428571428573,0.2857142857142857,0.14285714285714285,0.14285714285714285,2
mattcavanaugh/2500034,"Cavanaugh, Matt",1,29,74,212,1.8,0.10614525139664804,0.6037735849056604,30.862068965517242,0.27586206896551724,0.3103448275862069,0.1724137931034483,3.2758620689655173
mattflynn/367,"Flynn, Matt",1,29,74,225,1,0.05030181086519115,0.5903614457831325,17.137931034482758,0.27586206896551724,0.10344827586206896,0.10344827586206896,0.8620689655172413
matthasselbeck/2501078,"Hasselbeck, Matt",1,45,76,235,1.125,0.06964944649446494,0.54,48.17777777777778,0.8888888888888888,0.2,0.17777777777777778,3.3555555555555556
matthewstafford/79860,"Stafford, Matthew",1,29,75,226,1.6216216216216217,0.025127551020408163,0.5977112676056338,270.3448275862069,2.206896551724138,2.0689655172413794,1.2758620689655173,6.793103448275862
mattkofler/2518686,"Kofler, Matt",1,36,75,192,0.75,0.1444954128440367,0.44155844155844154,24.22222222222222,0.6944444444444444,0.16666666666666666,0.2222222222222222,3.5
mattleinart/2506878,"Leinart, Matt",1,21,77,225,0.8235294117647058,0.027761711972238288,0.5579150579150579,164.66666666666666,1.2857142857142858,0.6666666666666666,0.8095238095238095,4.571428571428571
mattmauck/2505966,"Mauck, Matt",1,2,74,220,0,0.2867647058823529,0.5555555555555556,68,0.5,0,0.5,19.5
mattmcgloin/2542065,"McGloin, Matt",1,10,73,210,1,0.0165016501650165,0.583969465648855,181.8,0.9,1.1,1.1,3
mattmoore/2507282,"Moore, Matt",1,16,75,225,1.5714285714285714,0.0011217049915872126,0.5943775100401606,111.4375,0.9375,0.6875,0.4375,0.125
mattryan/310,"Ryan, Matt",1,46,76,217,1.9411764705882353,0.027333267070867705,0.6078296703296703,218.7173913043478,1.2826086956521738,1.434782608695652,0.7391304347826086,5.978260869565218
mattschaub/2505982,"Schaub, Matt",1,38,78,245,1,0.11907066795740562,0.5217391304347826,27.18421052631579,0.3157894736842105,0.15789473684210525,0.15789473684210525,3.236842105263158
mattsimms/2534889,"Simms, Matt",1,4,75,210,1,0.2,0.48717948717948717,48.75,1,0.25,0.25,9.75
maxhall/497112,"Hall, Max",1,6,73,205,0.16666666666666666,-0.013513513513513514,0.5,61.666666666666664,2.3333333333333335,0.16666666666666666,1,-0.8333333333333334
mikecherry/2500057,"Cherry, Mike",1,2,76,225,0,-5,0,0,0.5,0,0,-2.5
mikeelkins/2500531,"Elkins, Mike",1,1,75,221,0,0,0.5,5,0,0,1,0
mikeernst/2513692,"Ernst, Mike",1,2,73,190,0,0.4,0.25,5,0,0,0,2
mikeford/2514231,"Ford, Mike",1,0,75,220,0,0,NA,NA,NA,NA,NA,NA
mikeglennon/2539275,"Glennon, Mike",1,19,78,225,1.9333333333333333,0.021366459627329193,0.5880452342487884,211.8421052631579,2.9473684210526314,1.5263157894736843,0.7894736842105263,4.526315789473684
mikekafka/497117,"Kafka, Mike",1,4,75,230,0,0,0.6875,26.75,0.25,0,0.5,0
mikekelley/2518271,"Kelley, Mike",1,3,75,195,1,0.05573770491803279,0.5862068965517241,101.66666666666667,0.3333333333333333,0.3333333333333333,0,5.666666666666667
mikekerrigan/2518378,"Kerrigan, Mike",1,2,75,205,0,0.16470588235294117,0.4666666666666667,42.5,0,0,0.5,7
mikekirkland/2518558,"Kirkland, Mike",1,16,73,195,0.125,0.16587677725118483,0.4634146341463415,13.1875,0.6875,0.0625,0.5,2.1875
mikemachurek/2519904,"Machurek, Mike",1,4,73,205,0,0.046632124352331605,0.32558139534883723,48.25,0.25,0,1.5,2.25
mikenorseth/2502307,"Norseth, Mike",1,1,74,200,0,5,NA,0,0,0,0,5
mikenott/2522285,"Nott, Mike",1,1,75,203,0,0,0.4,46,1,0,0,0
mikepagel/2522660,"Pagel, Mike",1,34,74,201,0.75,0.13219220457826356,0.5055401662049861,142.61764705882354,2.3823529411764706,0.7058823529411765,0.9411764705882353,18.852941176470587
mikepawlawski/2502430,"Pawlawski, Mike",1,0,73,205,0,0,NA,NA,NA,NA,NA,NA
mikephipps/2523199,"Phipps, Mike",1,42,75,208,0.6,0.14248704663212436,0.45145631067961167,64.33333333333333,0.7142857142857143,0.35714285714285715,0.5952380952380952,9.166666666666666
mikequinn/2502571,"Quinn, Mike",1,4,76,216,0,-0.3,0.6666666666666666,5,0,0,0,-1.5
mikerae/2523687,"Rae, Mike",1,23,72,193,0.9166666666666666,0.23208722741433022,0.5023474178403756,55.82608695652174,2.347826086956522,0.4782608695652174,0.5217391304347826,12.956521739130435
mikereilly/2507592,"Reilly, Mike",1,0,75,212,0,0,NA,NA,NA,NA,NA,NA
miketaliaferro/2526999,"Taliaferro, Mike",1,16,74,202,0.3333333333333333,0.02865329512893983,0.4563106796116505,65.4375,1.3125,0.3125,0.9375,1.875
miketeel/237678,"Teel, Mike",1,0,75,230,0,0,NA,NA,NA,NA,NA,NA
miketomczak/2503373,"Tomczak, Mike",1,31,73,210,0.35,0.0737913486005089,0.5164179104477612,76.06451612903226,0.41935483870967744,0.22580645161290322,0.6451612903225806,5.612903225806452
mikevick/2504531,"Vick, Mike",1,28,72,210,1.5714285714285714,0.30678123548536923,0.5220820189274448,153.78571428571428,2.25,0.7857142857142857,0.5,47.17857142857143
mikewells/2528512,"Wells, Mike",1,7,77,225,0,0,NA,0,0,0,0,0
natedavis/80634,"Davis, Nate",1,0,73,226,0,0,NA,NA,NA,NA,NA,NA
natesudfeld/2555427,"Sudfeld, Nate",0,0,78,235,0,0,NA,NA,NA,NA,NA,NA
nathanenderle/2495149,"Enderle, Nathan",1,0,76,240,0,0,NA,NA,NA,NA,NA,NA
nealjeffrey/2517462,"Jeffrey, Neal",1,5,73,180,0,0,1,2.2,0,0,0,0
neilgraff/2515140,"Graff, Neil",1,25,75,205,0.6666666666666666,0.008298755186721992,0.5277777777777778,9.64,0.16,0.08,0.12,0.08
neilo'donnell/2502324,"O'Donnell, Neil",1,24,75,228,1.5,0.02048987282147904,0.5692821368948247,176.91666666666666,2.375,1,0.6666666666666666,3.625
nickfoles/2532842,"Foles, Nick",1,28,78,243,2.7058823529411766,0.04901525248037909,0.6159014557670772,241.17857142857142,2.0357142857142856,1.6428571428571428,0.6071428571428571,11.821428571428571
norrisweese/2528452,"Weese, Norris",1,41,73,195,0.5454545454545454,0.21280276816608998,0.5844155844155844,28.195121951219512,0.5609756097560976,0.14634146341463414,0.2682926829268293,6
parnelldickinson/2512906,"Dickinson, Parnell",1,8,74,185,0.2,0.49047619047619045,0.38461538461538464,26.25,1.75,0.125,0.625,12.875
patbarnes/2499545,"Barnes, Pat",1,1,75,215,0,0,NA,0,0,0,0,0
patdevlin/2530762,"Devlin, Pat",1,0,75,220,0,0,NA,NA,NA,NA,NA,NA
pathaden/2515552,"Haden, Pat",1,37,71,182,1.1851851851851851,0.0718055032039201,0.5383580080753702,143.40540540540542,1.6486486486486487,0.8648648648648649,0.7297297297297297,10.297297297297296
pato'hara/2502326,"O'Hara, Pat",1,0,75,205,0,0,NA,NA,NA,NA,NA,NA
patrickramsey/2505223,"Ramsey, Patrick",1,29,74,225,1.1785714285714286,0.0148975791433892,0.55622009569378,185.17241379310346,2.4482758620689653,1.1379310344827587,0.9655172413793104,2.7586206896551726
paulkelly/2518298,"Kelly, Paul",1,0,73,205,0,0,NA,NA,NA,NA,NA,NA
paxtonlynch/2555316,"Lynch, Paxton",0,3,79,244,2,0.05030181086519115,0.5903614457831325,165.66666666666666,3,0.6666666666666666,0.3333333333333333,8.333333333333334
perryklein/2501632,"Klein, Perry",1,2,74,218,0,0,0,0,1,0,0,0
petebeathard/2509249,"Beathard, Pete",1,26,73,200,0.47368421052631576,0.022172949002217297,0.41237113402061853,52.03846153846154,0.34615384615384615,0.34615384615384615,0.7307692307692307,1.1538461538461537
petegonzalez/2500834,"Gonzalez, Pete",1,1,73,216,0,-0.375,1,8,0,0,0,-3
peteliske/2519570,"Liske, Pete",1,36,75,200,0.6451612903225806,0.020995334370139968,0.5025295109612141,107.16666666666667,1.3055555555555556,0.5555555555555556,0.8611111111111112,2.25
peytonmanning/2501863,"Manning, Peyton",1,48,77,230,1.4655172413793103,0.020428094734271995,0.6039309112567004,255.97916666666666,1.1666666666666667,1.7708333333333333,1.2083333333333333,5.229166666666667
philiprivers/2506121,"Rivers, Philip",1,20,77,228,2.3,0.012160633484162896,0.6142857142857143,176.8,1.55,1.15,0.5,2.15
prestonparsons/2504971,"Parsons, Preston",1,0,76,235,0,0,NA,NA,NA,NA,NA,NA
quincycarter/2504658,"Carter, Quincy",1,31,74,217,0.8055555555555556,0.08528857681109779,0.5620842572062085,188.3548387096774,2.193548387096774,0.9354838709677419,1.1612903225806452,16.06451612903226
r.j.archer/2508608,"Archer, R.J.",1,0,74,220,0,0,NA,NA,NA,NA,NA,NA
randydean/2512687,"Dean, Randy",1,23,75,195,0.2,0.5376344086021505,0.46153846153846156,12.130434782608695,0.21739130434782608,0.043478260869565216,0.21739130434782608,6.521739130434782
randyfasani/2505123,"Fasani, Randy",1,4,75,234,0,0.5555555555555556,0.3409090909090909,42.75,1.75,0,1,23.75
randyjohnson/2517740,"Johnson, Randy",1,13,75,205,0.5714285714285714,0.06608695652173913,0.558282208588957,88.46153846153847,2.3846153846153846,0.6153846153846154,1.0769230769230769,5.846153846153846
richardbartel/2507299,"Bartel, Richard",1,1,76,230,0,0,0.5714285714285714,150,2,0,1,0
richardtodd/2527483,"Todd, Richard",1,30,74,207,0.5128205128205128,0.04773869346733668,0.48314606741573035,119.4,2.2666666666666666,0.6666666666666666,1.3,5.7
richcampbell/2510991,"Campbell, Rich",1,4,76,224,0,0,0.5,42,0.5,0,1,0
richgannon/2500754,"Gannon, Rich",1,7,75,210,0,0.26851851851851855,0.42857142857142855,15.428571428571429,0.42857142857142855,0,0.14285714285714285,4.142857142857143
rickarrington/2508672,"Arrington, Rick",1,16,74,200,0.375,0.06297502714440825,0.484375,57.5625,1.125,0.1875,0.5,3.625
rickneuheisel/2522074,"Neuheisel, Rick",1,3,73,190,1,0.11171662125340599,0.6779661016949152,122.33333333333333,3.3333333333333335,0.3333333333333333,0.3333333333333333,13.666666666666666
ricknorton/2522275,"Norton, Rick",1,1,74,200,1,0,0.6,64,2,1,0,0
rickyray/2504760,"Ray, Ricky",1,0,75,208,0,0,NA,NA,NA,NA,NA,NA
robertgriffiniii/2533033,"Griffin III, Robert",1,37,74,218,1.7391304347826086,0.18278374706681488,0.638758231420508,218.83783783783784,2.72972972972973,1.0810810810810811,0.6216216216216216,40
robjohnson/2501452,"Johnson, Rob",1,8,76,212,0.6666666666666666,0.13858695652173914,0.7142857142857143,46,0.875,0.25,0.375,6.375
rodneypeete/2502436,"Peete, Rodney",1,27,72,230,0.8846153846153846,0.1327212020033389,0.546969696969697,177.4814814814815,2.4074074074074074,0.8518518518518519,0.9629629629629629,23.555555555555557
rohandavey/2505108,"Davey, Rohan",1,7,74,245,0,-0.056818181818181816,0.42105263157894735,12.571428571428571,0,0,0,-0.7142857142857143
romangabriel/2514517,"Gabriel, Roman",1,39,77,220,1.2941176470588236,0.023876404494382022,0.5108910891089109,164.30769230769232,1.2820512820512822,1.1282051282051282,0.8717948717948718,3.923076923076923
ronjaworski/2517443,"Jaworski, Ron",1,24,74,196,0.125,0.11404728789986092,0.43548387096774194,29.958333333333332,0.7083333333333334,0.041666666666666664,0.3333333333333333,3.4166666666666665
rudycarpenter/81280,"Carpenter, Rudy",1,1,74,215,0,0,NA,0,0,0,0,0
russellwilson/2532975,"Wilson, Russell",1,48,71,215,2.769230769230769,0.18864321608040202,0.634185303514377,207.29166666666666,2.4791666666666665,1.5,0.5416666666666666,39.104166666666664
russjensen/2517516,"Jensen, Russ",1,0,74,215,0,0,NA,NA,NA,NA,NA,NA
rustylisch/2519566,"Lisch, Rusty",1,19,75,213,0,0,0.35294117647058826,3.5789473684210527,0.15789473684210525,0,0.15789473684210525,0
ryanfitzpatrick/2506581,"Fitzpatrick, Ryan",1,6,74,223,0.5,0.08236808236808237,0.562962962962963,129.5,1.5,0.6666666666666666,1.3333333333333333,10.666666666666666
ryangriffin/2541185,"Griffin, Ryan",1,0,77,210,0,0,NA,NA,NA,NA,NA,NA
ryanleaf/2501708,"Leaf, Ryan",1,21,77,235,0.3939393939393939,0.04224464060529634,0.47971781305114636,151.04761904761904,2.5238095238095237,0.6190476190476191,1.5714285714285714,6.380952380952381
ryanlindley/2532894,"Lindley, Ryan",1,9,75,232,0.18181818181818182,0.00532724505327245,0.5075757575757576,146,2,0.2222222222222222,1.2222222222222223,0.7777777777777778
ryanmallett/2495443,"Mallett, Ryan",1,4,78,250,0,-0.5294117647058824,0.25,4.25,0,0,0.25,-2.25
ryannassib/2539961,"Nassib, Ryan",1,5,74,223,1,-0.0234375,0.9,25.6,0.4,0.2,0,-0.6
ryantannehill/2532956,"Tannehill, Ryan",1,48,76,216,1.5,0.067543547813722,0.6191335740072202,234.41666666666666,2.8958333333333335,1.3125,0.875,15.833333333333334
samadkins/2508248,"Adkins, Sam",1,4,74,214,0,17,0,0,0.25,0,0,4.25
sammygarza/2514687,"Garza, Sammy",1,2,73,184,0.5,0.16939890710382513,0.55,91.5,0.5,0.5,1,15.5
sandyosiecki/2522571,"Osiecki, Sandy",1,4,77,202,0,-0.03125,0.4117647058823529,16,0.25,0,0.25,-0.5
scottcampbell/2510992,"Campbell, Scott",1,25,72,196,0.7142857142857143,0.04120879120879121,0.4406779661016949,29.12,0.48,0.2,0.28,1.2
scottotis/2502370,"Otis, Scott",1,0,77,230,0,0,NA,NA,NA,NA,NA,NA
scottsecules/2502888,"Secules, Scott",1,31,75,220,0.25,0.24092409240924093,0.43859649122807015,9.774193548387096,0.03225806451612903,0.03225806451612903,0.12903225806451613,2.3548387096774195
scotttinsley/2527454,"Tinsley, Scott",1,3,74,195,0.75,0.0031397174254317113,0.5581395348837209,212.33333333333334,2,1,1.3333333333333333,0.6666666666666666
scotttolzien/2495425,"Tolzien, Scott",1,3,74,213,0.2,0.07670850767085077,0.6111111111111112,239,1,0.3333333333333333,1.6666666666666667,18.333333333333332
scottzolak/2503861,"Zolak, Scott",1,25,77,235,0.5,0.11884550084889643,0.5181818181818182,23.56,0.68,0.08,0.16,2.8
seancanfield/497104,"Canfield, Sean",1,0,76,223,0,0,NA,NA,NA,NA,NA,NA
seankeenan/2504042,"Keenan, Sean",1,0,75,208,0,0,NA,NA,NA,NA,NA,NA
seanmannion/2552576,"Mannion, Sean",0,2,78,233,0,-0.02,0.6923076923076923,25,0,0,0.5,-0.5
seanpayton/2522906,"Payton, Sean",1,3,71,200,0,0.35443037974683544,0.34782608695652173,26.333333333333332,2.3333333333333335,0,0.3333333333333333,9.333333333333334
seansalisbury/2502809,"Salisbury, Sean",1,2,77,225,0,0,0.6666666666666666,34,1,0,1,0
senecawallace/2505562,"Wallace, Seneca",1,7,71,205,1,-0.028901734104046242,0.52,24.714285714285715,0.42857142857142855,0.14285714285714285,0.14285714285714285,-0.7142857142857143
shanematthews/2501913,"Matthews, Shane",1,0,75,199,0,0,NA,NA,NA,NA,NA,NA
shaunhill/2504833,"Hill, Shaun",1,0,75,230,0,0,NA,NA,NA,NA,NA,NA
shaunking/2501619,"King, Shaun",1,25,73,228,1.3888888888888888,0.09833938764919564,0.5669421487603306,154.16,2.04,1,0.72,15.16
shawnhalloran/2515667,"Halloran, Shawn",1,3,76,217,0,-0.034220532319391636,0.42857142857142855,87.66666666666667,1.6666666666666667,0,0.3333333333333333,-3
stangelbaugh/2500785,"Gelbaugh, Stan",1,0,75,215,0,0,NA,NA,NA,NA,NA,NA
stefanlefors/2506458,"LeFors, Stefan",1,0,72,201,0,0,NA,NA,NA,NA,NA,NA
stephenmorris/2550376,"Morris, Stephen",0,0,74,218,0,0,NA,NA,NA,NA,NA,NA
stevebartkowski/2509103,"Bartkowski, Steve",1,24,76,213,0.5405405405405406,0.005741626794258373,0.461839530332681,130.625,2.75,0.8333333333333334,1.5416666666666667,0.75
stevedeberg/2500356,"DeBerg, Steve",1,28,75,230,0.5813953488372093,0.005744925315970892,0.55,186.5,1.2142857142857142,0.8928571428571429,1.5357142857142858,1.0714285714285714
stevedils/2512939,"Dils, Steve",1,19,73,190,2,0.04171011470281543,0.5620915032679739,50.473684210526315,0.631578947368421,0.21052631578947367,0.10526315789473684,2.1052631578947367
stevejoachim/2517543,"Joachim, Steve",1,1,75,215,0,0,NA,0,0,0,0,0
stevematthews/2501914,"Matthews, Steve",1,3,75,228,0,0.033444816053511704,0.6511627906976745,99.66666666666667,0.3333333333333333,0,0,3.3333333333333335
stevepelluer/2502440,"Pelluer, Steve",1,19,76,204,0.47058823529411764,0.09120403749098774,0.5699481865284974,146,2.473684210526316,0.42105263157894735,0.8947368421052632,13.31578947368421
stevepisarkiewicz/2523270,"Pisarkiewicz, Steve",1,9,74,205,0.42857142857142855,0.024203821656050957,0.4492753623188406,87.22222222222223,1.7777777777777777,0.3333333333333333,0.7777777777777778,2.111111111111111
steveramsey/2523725,"Ramsey, Steve",1,19,74,210,0.36363636363636365,0.00967741935483871,0.47003154574132494,114.21052631578948,2.0526315789473686,0.42105263157894735,1.1578947368421053,1.105263157894737
stevetensi/2527158,"Tensi, Steve",1,7,77,215,0.375,0.025974025974025976,0.475,77,0.8571428571428571,0.42857142857142855,1.1428571428571428,2
stevewalsh/2503524,"Walsh, Steve",1,29,75,215,1,0.00816895795975294,0.5308641975308642,173.06896551724137,0.8275862068965517,0.9655172413793104,0.9655172413793104,1.4137931034482758
steveyoung/2503843,"Young, Steve",1,27,74,215,1,0.22392395035648271,0.5333333333333333,140.25925925925927,2.6296296296296298,0.7777777777777778,0.7777777777777778,31.40740740740741
stoneycase/2500026,"Case, Stoney",1,5,75,201,0,0.03582089552238806,0.5263157894736842,67,2,0,0.6,2.4
t.j.yates/2508123,"Yates, T.J.",1,13,76,217,0.5,0.05090909090909091,0.608433734939759,84.61538461538461,1.3846153846153846,0.23076923076923078,0.46153846153846156,4.3076923076923075
tarvarisjackson/2495863,"Jackson, Tarvaris",1,25,74,225,1.1111111111111112,0.1400348634514817,0.583969465648855,137.68,1.64,0.8,0.72,19.28
taylorheinicke/2553656,"Heinicke, Taylor",0,0,73,210,0,0,NA,NA,NA,NA,NA,NA
teddybridgewater/2543465,"Bridgewater, Teddy",1,29,74,215,1.3333333333333333,0.06520325203252032,0.6489988221436984,212.06896551724137,2.8620689655172415,0.9655172413793104,0.7241379310344828,13.827586206896552
teemartin/2504246,"Martin, Tee",1,1,74,225,0,8,NA,0,0,0,0,8
terryhanratty/2515763,"Hanratty, Terry",1,26,73,210,0.6363636363636364,-0.001953125,0.37244897959183676,39.38461538461539,0.2692307692307692,0.2692307692307692,0.4230769230769231,-0.07692307692307693
terrynugent/2522302,"Nugent, Terry",1,0,76,218,0,0,NA,NA,NA,NA,NA,NA
thadlewis/497121,"Lewis, Thad",1,1,74,219,1,0.014705882352941176,0.6875,204,3,1,1,3
timhasselbeck/2504361,"Hasselbeck, Tim",1,9,73,214,0.7142857142857143,0.040513833992094864,0.536723163841808,112.44444444444444,1,0.5555555555555556,0.7777777777777778,4.555555555555555
timrattay/2504237,"Rattay, Tim",1,8,72,200,2,-0.01606425702811245,0.6304347826086957,31.125,0.625,0.25,0,-0.5
timriordan/2524208,"Riordan, Tim",1,1,73,185,0,3,0,0,0,0,0,3
timtebow/497135,"Tebow, Tim",1,35,75,245,1.8888888888888888,0.4083402146985962,0.4792243767313019,69.2,1.1714285714285715,0.4857142857142857,0.2571428571428571,28.257142857142856
timvangalder/2527866,"Van Galder, Tim",1,4,74,200,0.2,0.051829268292682924,0.5076923076923077,82,1.75,0.25,1.25,4.25
toddmarinovich/2520146,"Marinovich, Todd",1,8,76,220,0.8888888888888888,0.03271375464684015,0.5073170731707317,168.125,2.5,1,1.125,5.5
toddphilcox/2502469,"Philcox, Todd",1,8,76,218,1,0.015037593984962405,0.4594594594594595,33.25,0.375,0.375,0.375,0.5
toddsantos/2524913,"Santos, Todd",1,0,74,207,0,0,NA,NA,NA,NA,NA,NA
tombrady/2504211,"Brady, Tom",1,32,76,225,1.7692307692307692,0.02313624678663239,0.6273352999016716,206.65625,2.25,1.4375,0.8125,4.78125
tomflick/2514150,"Flick, Tom",1,9,74,190,0,0,0.40625,15.88888888888889,0.2222222222222222,0,0.2222222222222222,0
tommymaddox/2501842,"Maddox, Tommy",1,34,76,219,0.5454545454545454,0.021134593993325918,0.5460992907801419,26.441176470588236,0.29411764705882354,0.17647058823529413,0.3235294117647059,0.5588235294117647
tomowen/2522607,"Owen, Tom",1,16,73,195,0.6470588235294118,0.022397094430992737,0.4708333333333333,103.25,1.9375,0.6875,1.0625,2.3125
tomramsey/2523726,"Ramsey, Tom",1,14,73,189,1,0.07624309392265194,0.5255474452554745,64.64285714285714,1,0.42857142857142855,0.42857142857142855,4.928571428571429
tomsavage/2543640,"Savage, Tom",0,5,76,230,0,0.01020408163265306,0.6086956521739131,117.6,1.2,0,0.2,1.2
tonyadams/2508191,"Adams, Tony",1,34,72,198,0.3684210526315789,0.06370543541788427,0.49583333333333335,50.3235294117647,1.1176470588235294,0.20588235294117646,0.5588235294117647,3.2058823529411766
tonybanks/2499522,"Banks, Tony",1,44,76,229,0.8571428571428571,0.06648265930637226,0.5423594615993665,189.38636363636363,3,0.8181818181818182,0.9545454545454546,12.590909090909092
tonyeason/2513415,"Eason, Tony",1,48,76,212,1.1666666666666667,0.04426864164282107,0.5733333333333334,123.77083333333333,2.1458333333333335,0.7291666666666666,0.625,5.479166666666667
tonypike/497125,"Pike, Tony",1,1,78,222,0,0,0.5,47,1,0,0,0
tonysacca/2524778,"Sacca, Tony",1,2,77,234,0,0,0.36363636363636365,14.5,0,0,1,0
trentdilfer/2500392,"Dilfer, Trent",1,37,76,247,0.3953488372093023,0.043850972634355424,0.5403472931562819,163.94594594594594,2.2432432432432434,0.4594594594594595,1.162162162162162,7.1891891891891895
trentedwards/2507189,"Edwards, Trent",1,32,76,230,0.96,0.04947253546744271,0.612590799031477,171.8125,1.8125,0.75,0.78125,8.5
trevoneboykin/2556477,"Boykin, Trevone",0,5,72,213,1,0.006896551724137931,0.7222222222222222,29,0.2,0.2,0.2,0.2
trevorsiemian/2553457,"Siemian, Trevor",0,15,75,220,1.8,0.016465745369009115,0.5946502057613169,226.73333333333332,2.066666666666667,1.2,0.6666666666666666,3.7333333333333334
troyaikman/2499369,"Aikman, Troy",1,38,76,220,0.6739130434782609,0.06763626094323637,0.5857819905213271,186.3684210526316,2.3684210526315788,0.8157894736842105,1.2105263157894737,12.605263157894736
troytaylor/2503269,"Taylor, Troy",1,7,76,200,2,0.344,0.6,17.857142857142858,0.2857142857142857,0.2857142857142857,0.14285714285714285,6.142857142857143
turkschonert/2525100,"Schonert, Turk",1,6,73,191,0,0.19186046511627908,0.55,28.666666666666668,0.6666666666666666,0,0,5.5
tydetmer/2500379,"Detmer, Ty",1,3,72,189,0,-0.07692307692307693,0.6,8.666666666666666,0,0,0,-0.6666666666666666
tylerbray/2540173,"Bray, Tyler",1,0,78,215,0,0,NA,NA,NA,NA,NA,NA
tylerpalko/2507140,"Palko, Tyler",1,0,73,215,0,0,NA,NA,NA,NA,NA,NA
tylerthigpen/2507244,"Thigpen, Tyler",1,17,73,216,1.2666666666666666,0.1423865300146413,0.543778801843318,160.7058823529412,1.588235294117647,1.1176470588235294,0.8823529411764706,22.88235294117647
tyrodtaylor/2495240,"Taylor, Tyrod",1,13,73,215,0,0.6984924623115578,0.5428571428571428,15.307692307692308,0.38461538461538464,0,0.15384615384615385,10.692307692307692
vinceevans/2500575,"Evans, Vince",1,14,74,215,0.6666666666666666,0.17399267399267399,0.5,39,0.7142857142857143,0.2857142857142857,0.42857142857142855,6.785714285714286
vinceferragamo/2513967,"Ferragamo, Vince",1,20,75,212,0.5833333333333334,0.008205128205128205,0.47586206896551725,48.75,0.7,0.35,0.6,0.4
vinceyoung/2506875,"Young, Vince",1,33,77,232,0.6875,0.19621273166800968,0.5729032258064516,150.42424242424244,1.606060606060606,0.6666666666666666,0.9696969696969697,29.515151515151516
vinnytestaverde/2503284,"Testaverde, Vinny",1,35,77,233,0.6031746031746031,0.043869063590018784,0.495949594959496,212.97142857142856,2.5428571428571427,1.0857142857142856,1.8,9.342857142857143
virgilcarter/2511213,"Carter, Virgil",1,33,73,192,1.1,0.08961038961038961,0.563573883161512,116.66666666666667,1.2121212121212122,0.6666666666666666,0.6060606060606061,10.454545454545455
wallyrichardson/2502656,"Richardson, Wally",1,1,76,225,0,0,0.5,1,0,0,0,0
williegillus/2514902,"Gillus, Willie",1,1,76,215,0,0,0.4,28,3,0,0,0
