Player Id,Name,Retired,Debut_Year_Games,Height (inches),Weight (lbs),Debut_TD_INT,Debut_RUN_PASS,Debut_Completion_Percentage,Debut_Yards_per_game,Debut_Sacks_per_game,Debut_TD_per_game,Debut_Ints_per_game,Debut_Rush_per_game
a.j.feeley/2504566,"Feeley, A.J.",1,1,75,216,2,0,0.7142857142857143,143,0,2,1,0
aaronrodgers/2506363,"Rodgers, Aaron",1,3,74,225,0,0.1076923076923077,0.5625,21.666666666666668,1,0,0.3333333333333333,2.3333333333333335
ajmccarron/2543497,"McCarron, AJ",1,0,75,220,0,0,NA,NA,NA,NA,NA,NA
alanrisher/2524210,"Risher, Alan",1,16,74,190,0,10,NA,0,0,0,0,0.625
alexespinoza/2513700,"Espinoza, Alex",1,1,73,193,0,0.07246376811594203,0.6428571428571429,69,2,0,2,5
alexsmith/2506340,"Smith, Alex",1,9,76,217,0.09090909090909091,0.11771428571428572,0.509090909090909,97.22222222222223,3.2222222222222223,0.1111111111111111,1.2222222222222223,11.444444444444445
alextanney/2534870,"Tanney, Alex",1,0,76,220,0,0,NA,NA,NA,NA,NA,NA
alexvanpelt/2503454,"Van Pelt, Alex",1,0,73,220,0,0,NA,NA,NA,NA,NA,NA
alpastrana/2522827,"Pastrana, Al",1,4,73,190,0.1111111111111111,0.2210242587601078,0.373134328358209,92.75,2,0.25,2.25,20.5
andreware/2503535,"Ware, Andre",1,4,74,205,0.5,0.3902439024390244,0.43333333333333335,41,1,0.25,0.5,16
andrewluck/2533031,"Luck, Andrew",1,16,76,240,1.2777777777777777,0.05829903978052126,0.5406698564593302,273.375,2.5625,1.4375,1.125,15.9375
andrewwalter/2506408,"Walter, Andrew",1,0,78,230,0,0,NA,NA,NA,NA,NA,NA
andydalton/2495143,"Dalton, Andy",1,16,74,220,1.5384615384615385,0.04473219540906415,0.5813953488372093,212.375,1.5,1.25,0.8125,9.5
andyhall/2505960,"Hall, Andy",1,0,73,218,0,0,NA,NA,NA,NA,NA,NA
anthonydilweg/2512941,"Dilweg, Anthony",1,1,75,215,0,0,1,7,0,0,0,0
archiemanning/2520076,"Manning, Archie",1,10,75,212,0.8333333333333334,0.11596958174904944,0.5032258064516129,105.2,3.5,0.5,0.6,12.2
artschlichter/2525042,"Schlichter, Art",1,3,75,210,0,0.015228426395939087,0.4594594594594595,65.66666666666667,1,0,0.6666666666666666,1
babelaufenberg/2519150,"Laufenberg, Babe",1,0,74,198,0,0,NA,NA,NA,NA,NA,NA
benroethlisberger/2506109,"Roethlisberger, Ben",1,14,77,240,1.5454545454545454,0.05494086226631057,0.6644067796610169,187.21428571428572,2.142857142857143,1.2142857142857142,0.7857142857142857,10.285714285714286
bernardquarles/2523635,"Quarles, Bernard",1,1,74,215,1,0.2,0.3333333333333333,40,0,1,1,8
berniekosar/2501648,"Kosar, Bernie",1,12,77,214,1.1428571428571428,-0.0076045627376425855,0.5,131.5,1.5833333333333333,0.6666666666666666,0.5833333333333334,-1
billcappleman/2511038,"Cappleman, Bill",1,1,75,210,0,0,0.5714285714285714,49,0,0,0,0
billdemory/2512778,"Demory, Bill",1,6,74,195,0.25,-0.006289308176100629,0.3076923076923077,26.5,1.3333333333333333,0.3333333333333333,1.3333333333333333,-0.16666666666666666
billkenney/2518350,"Kenney, Bill",1,0,76,211,0,0,NA,NA,NA,NA,NA,NA
billnelsen/2522007,"Nelsen, Bill",1,12,72,195,1,-0.0018552875695732839,0.5079872204472844,179.66666666666666,0.6666666666666666,1.3333333333333333,1.3333333333333333,-0.3333333333333333
billransdell/2523746,"Ransdell, Bill",1,0,74,212,0,0,NA,NA,NA,NA,NA,NA
billyjoetolliver/2503371,"Tolliver, Billy Joe",1,5,73,217,0.625,0,0.4810810810810811,219.4,1.8,1,1.6,0
billykilmer/2518441,"Kilmer, Billy",1,12,72,204,0.25,0.027643400138217002,0.5669642857142857,120.58333333333333,1.5833333333333333,0.3333333333333333,1.3333333333333333,3.3333333333333335
billyvolek/2503939,"Volek, Billy",1,0,74,214,0,0,NA,NA,NA,NA,NA,NA
blainegabbert/2495441,"Gabbert, Blaine",1,15,76,235,1.0909090909090908,0.044263775971093045,0.5084745762711864,147.6,2.6666666666666665,0.8,0.7333333333333333,6.533333333333333
blairkiel/2501608,"Kiel, Blair",1,10,72,200,0,0,NA,0,0,0,0,0
blakebortles/2543477,"Bortles, Blake",1,14,77,239,0.6470588235294118,0.14408528198074277,0.5894736842105263,207.71428571428572,3.9285714285714284,0.7857142857142857,1.2142857142857142,29.928571428571427
bobbelden/2509327,"Belden, Bob",1,0,74,210,0,0,NA,NA,NA,NA,NA,NA
bobbyscott/2525221,"Scott, Bobby",1,0,73,201,0,0,NA,NA,NA,NA,NA,NA
bobdavis/2512622,"Davis, Bob",1,1,74,205,0,0.16666666666666666,0.35294117647058826,66,0,0,0,11
bobgagliano/2500736,"Gagliano, Bob",1,0,75,205,0,0,NA,NA,NA,NA,NA,NA
bobleahy/2519217,"Leahy, Bob",1,1,74,205,0,-0.3333333333333333,0.2727272727272727,18,1,0,1,-6
boblee/2519294,"Lee, Bob",1,6,74,195,1,0.03278688524590164,0.5063291139240507,101.66666666666667,1,0.8333333333333334,0.8333333333333334,3.3333333333333335
bobnaponic/2521949,"Naponic, Bob",1,2,72,190,0,0.1411764705882353,0.3,42.5,4,0,1,6
boomeresiason/2500562,"Esiason, Boomer",1,10,77,224,1,0.11886792452830189,0.5,53,0.5,0.3,0.3,6.3
bradgoebel/2500825,"Goebel, Brad",1,5,75,214,0,0.00749063670411985,0.5357142857142857,53.4,1.2,0,1.2,0.4
bradjohnson/2501411,"Johnson, Brad",1,0,77,235,0,0,NA,NA,NA,NA,NA,NA
bradleevanpelt/2505971,"Van Pelt, Bradlee",1,3,74,220,0,6.857142857142857,0.25,2.3333333333333335,0,0,0,16
bradyquinn/2495714,"Quinn, Brady",1,1,75,235,0,0,0.375,45,0,0,0,0
brandonallen/2555365,"Allen, Brandon",0,0,74,219,0,0,NA,NA,NA,NA,NA,NA
brandondoughty/2555302,"Doughty, Brandon",0,0,75,217,0,0,NA,NA,NA,NA,NA,NA
brandonweeden/2532970,"Weeden, Brandon",1,15,76,230,0.8235294117647058,0.032791728212703104,0.574468085106383,225.66666666666666,1.8666666666666667,0.9333333333333333,1.1333333333333333,7.4
brendanfolmar/2514202,"Folmar, Brendan",1,1,73,200,0,0,NA,0,0,0,0,0
brentpease/2522942,"Pease, Brent",1,7,74,201,0.6,0.04532967032967033,0.49557522123893805,104,0.7142857142857143,0.42857142857142855,0.7142857142857143,4.714285714285714
brettbasanez/2495803,"Basanez, Brett",1,1,73,208,0,0.03571428571428571,0.5454545454545454,56,0,0,1,2
brettfavre/2500606,"Favre, Brett",1,2,74,222,0,0,0,0,0.5,0,1,0
bretthundley/2552588,"Hundley, Brett",1,0,75,226,0,0,NA,NA,NA,NA,NA,NA
brettratliff/2507276,"Ratliff, Brett",1,0,76,224,0,0,NA,NA,NA,NA,NA,NA
brianhoyer/81294,"Hoyer, Brian",1,5,74,215,0,0.176056338028169,0.7037037037037037,28.4,0.4,0,0,5
brianransom/2523747,"Ransom, Brian",1,0,75,205,0,0,NA,NA,NA,NA,NA,NA
brockosweiler/2533436,"Osweiler, Brock",1,5,80,235,0,-1.0833333333333333,0.5,2.4,0,0,0,-2.6
browningnagle/2502257,"Nagle, Browning",1,1,75,220,0,-0.1,0.5,10,0,0,0,-1
brucemathison/2520334,"Mathison, Bruce",1,1,75,205,0,0,0.6,41,0,0,1,0
brycepetty/2552369,"Petty, Bryce",1,0,75,230,0,0,NA,NA,NA,NA,NA,NA
buckyrichardson/2502648,"Richardson, Bucky",1,7,73,228,0,-1,NA,0,0.14285714285714285,0,0,-0.14285714285714285
buddylee/2519272,"Lee, Buddy",1,0,76,215,0,0,NA,NA,NA,NA,NA,NA
byronleftwich/2505673,"Leftwich, Byron",1,15,77,250,0.875,0.03831145796381696,0.5717703349282297,187.93333333333334,1.2666666666666666,0.9333333333333333,1.0666666666666667,7.2
calebhanie/2507385,"Hanie, Caleb",1,0,74,235,0,0,NA,NA,NA,NA,NA,NA
camnewton/2495455,"Newton, Cam",1,16,77,245,1.2352941176470589,0.17427795606023205,0.5996131528046421,253.1875,2.1875,1.3125,1.0625,44.125
cardalejones/2555426,"Jones, Cardale",0,1,77,250,0,-0.010416666666666666,0.5454545454545454,96,1,0,1,-1
carsonpalmer/2505245,"Palmer, Carson",1,0,77,235,0,0,NA,NA,NA,NA,NA,NA
carsonwentz/2555259,"Wentz, Carson",0,16,77,237,1.1428571428571428,0.03966155473294553,0.6243822075782537,236.375,2.0625,1,0.875,9.375
casekeenum/2532888,"Keenum, Case",1,8,73,205,1.5,0.04090909090909091,0.541501976284585,220,2.375,1.125,0.75,9
caseyweldon/2503589,"Weldon, Casey",1,3,73,206,0,0,0.5454545454545454,18.333333333333332,0.3333333333333333,0,0.3333333333333333,0
chadhenne/252,"Henne, Chad",1,3,75,219,0,0,0.5833333333333334,22.333333333333332,0,0,0,0
chadmay/2501919,"May, Chad",1,0,73,219,0,0,NA,NA,NA,NA,NA,NA
chadpennington/2504181,"Pennington, Chad",1,1,75,225,1,0,0.4,67,1,1,0,0
chandlerharnish/2532856,"Harnish, Chandler",1,0,74,222,0,0,NA,NA,NA,NA,NA,NA
charleyjohnson/2517588,"Johnson, Charley",1,10,73,200,0.5833333333333334,0.0018159806295399517,0.5124555160142349,165.2,1.5,0.7,1.2,0.3
charliebatch/2499567,"Batch, Charlie",1,12,74,216,1.8333333333333333,0.10514233241505969,0.570957095709571,181.5,3.0833333333333335,0.9166666666666666,0.5,19.083333333333332
chasedaniel/81284,"Daniel, Chase",1,0,72,225,0,0,NA,NA,NA,NA,NA,NA
chrischandler/2500048,"Chandler, Chris",1,15,76,224,0.6666666666666666,0.08585546633724521,0.5536480686695279,107.93333333333334,1.2,0.5333333333333333,0.8,9.266666666666667
chrisdittoe/2500407,"Dittoe, Chris",1,0,77,232,0,0,NA,NA,NA,NA,NA,NA
chrisredman/2504314,"Redman, Chris",1,2,75,225,0,0,0.6666666666666666,9.5,0,0,0,0
christianhackenberg/2555416,"Hackenberg, Christian",0,0,76,228,0,0,NA,NA,NA,NA,NA,NA
christianponder/2495215,"Ponder, Christian",1,11,74,230,1,0.1181867242309768,0.5429553264604811,168.45454545454547,2.727272727272727,1.1818181818181819,1.1818181818181819,19.90909090909091
chrisweinke/2504686,"Weinke, Chris",1,15,76,232,0.5789473684210527,0.04367110201296486,0.5425925925925926,195.4,1.7333333333333334,0.7333333333333333,1.2666666666666666,8.533333333333333
cleolemon/2504793,"Lemon, Cleo",1,0,74,215,0,0,NA,NA,NA,NA,NA,NA
cliffolander/2522428,"Olander, Cliff",1,2,77,191,0,0.39473684210526316,0.4375,38,0.5,0,1,15
codycarlson/2499989,"Carlson, Cody",1,0,75,202,0,0,NA,NA,NA,NA,NA,NA
codykessler/2555387,"Kessler, Cody",0,9,73,215,3,0.013043478260869565,0.6564102564102564,153.33333333333334,2.3333333333333335,0.6666666666666666,0.2222222222222222,2
codypickett/2505931,"Pickett, Cody",1,1,75,227,0,0.09090909090909091,0.4,55,2,0,2,5
colinkaepernick/2495186,"Kaepernick, Colin",1,3,76,230,0,-0.05714285714285714,0.6,11.666666666666666,0,0,0,-0.6666666666666666
coltmccoy/497123,"McCoy, Colt",1,8,73,215,0.6666666666666666,0.08629441624365482,0.6081081081081081,197,2.875,0.75,1.125,17
connorcook/2555332,"Cook, Connor",0,1,76,217,1,0,0.6666666666666666,150,2,1,1,0
connorshaw/2550252,"Shaw, Connor",1,1,73,210,0,0.05084745762711865,0.5,177,4,0,1,9
corysauter/2502842,"Sauter, Cory",1,0,76,216,0,0,NA,NA,NA,NA,NA,NA
craigerickson/2500559,"Erickson, Craig",1,6,74,213,0,-0.008264462809917356,0.5769230769230769,20.166666666666668,0.3333333333333333,0,0,-0.16666666666666666
craignall/2505146,"Nall, Craig",1,0,75,245,0,0,NA,NA,NA,NA,NA,NA
craigpenrose/2522986,"Penrose, Craig",1,4,75,211,1,-0.011320754716981131,0.4444444444444444,66.25,0,0.75,0.75,-0.75
craigwhelihan/2503609,"Whelihan, Craig",1,0,77,220,0,0,NA,NA,NA,NA,NA,NA
cullenfinnerty/2507303,"Finnerty, Cullen",1,0,74,223,0,0,NA,NA,NA,NA,NA,NA
curtispainter/81300,"Painter, Curtis",1,2,76,230,0,0.04819277108433735,0.2857142857142857,41.5,1.5,0,1,2
dakprescott/2555260,"Prescott, Dak",0,16,74,226,5.75,0.07690209980910827,0.6775599128540305,229.1875,1.5625,1.4375,0.25,17.625
dandarragh/2512467,"Darragh, Dan",1,3,75,196,0,0.36619718309859156,0.3793103448275862,23.666666666666668,1.6666666666666667,0,0.6666666666666666,8.666666666666666
danfouts/2514293,"Fouts, Dan",1,9,75,204,0.4166666666666667,0.016145307769929364,0.4438202247191011,110.11111111111111,1.5555555555555556,0.5555555555555556,1.3333333333333333,1.7777777777777777
dangonzalez/2500833,"Gonzalez, Dan",1,0,75,214,0,0,NA,NA,NA,NA,NA,NA
danlefevour/497119,"LeFevour, Dan",1,0,75,230,0,0,NA,NA,NA,NA,NA,NA
danmanucci/2520096,"Manucci, Dan",1,14,74,196,0,0,NA,0,0,0,0,0
danmarino/2501869,"Marino, Dan",1,11,76,228,3.3333333333333335,0.020361990950226245,0.5844594594594594,200.9090909090909,0.9090909090909091,1.8181818181818181,0.5454545454545454,4.090909090909091
dannykanell/2501560,"Kanell, Danny",1,4,75,218,1,0.02643171806167401,0.38333333333333336,56.75,1.75,0.25,0.25,1.5
danorlovsky/2506481,"Orlovsky, Dan",1,2,77,215,0,0,0.4117647058823529,31.5,0.5,0,0,0
danpastorini/2522826,"Pastorini, Dan",1,13,74,208,0.3333333333333333,0.08225616921269095,0.4703703703703704,130.92307692307693,1.5384615384615385,0.5384615384615384,1.6153846153846154,10.76923076923077
darrellhackney/2495842,"Hackney, Darrell",1,0,72,248,0,0,NA,NA,NA,NA,NA,NA
darylelamonica/2519016,"Lamonica, Daryle",1,12,75,215,1.2666666666666666,0.011299435028248588,0.49310344827586206,177,1.0833333333333333,1.5833333333333333,1.25,2
davebarr/2499554,"Barr, Dave",1,2,75,210,0,0.11904761904761904,0.5555555555555556,21,0.5,0,0,2.5
davedickenson/2504341,"Dickenson, Dave",1,0,71,185,0,0,NA,NA,NA,NA,NA,NA
davelewis/2519428,"Lewis, Dave",1,14,74,216,0,0.20512820512820512,0.75,2.7857142857142856,0,0,0,0.5714285714285714
davemays/2520441,"Mays, Dave",1,4,73,204,0,0.13861386138613863,0.45,25.25,0.5,0,0.25,3.5
daverader/2523678,"Rader, Dave",1,0,75,215,0,0,NA,NA,NA,NA,NA,NA
daveragone/2505594,"Ragone, Dave",1,2,75,221,0,0.37777777777777777,0.5,67.5,4,0,0.5,25.5
davewalter/2528179,"Walter, Dave",1,3,75,230,0,0.6194690265486725,0.47619047619047616,37.666666666666664,0.6666666666666666,0,0,23.333333333333332
davidarcher/2499447,"Archer, David",1,2,74,200,1,0.20994475138121546,0.6111111111111112,90.5,3.5,0.5,0.5,19
davidcarr/2504804,"Carr, David",1,16,75,212,0.6,0.1087962962962963,0.5247747747747747,162,4.75,0.5625,0.9375,17.625
davidfales/2543751,"Fales, David",1,0,73,212,0,0,NA,NA,NA,NA,NA,NA
davidgarrard/2505101,"Garrard, David",1,4,73,236,0.5,0.6017316017316018,0.5,57.75,1.75,0.25,0.5,34.75
davidjaynes/2517445,"Jaynes, David",1,2,74,212,0,0,0,0,0,0,0.5,0
davidklingler/2501636,"Klingler, David",1,4,75,215,1.5,0.1,0.47959183673469385,132.5,4.5,0.75,0.5,13.25
davidlindley/2519522,"Lindley, David",1,0,72,190,0,0,NA,NA,NA,NA,NA,NA
davidnorrie/2522252,"Norrie, David",1,2,76,220,0.25,0.013297872340425532,0.5147058823529411,188,7.5,0.5,2,2.5
davidrivers/2504411,"Rivers, David",1,0,74,221,0,0,NA,NA,NA,NA,NA,NA
deancarlson/2511074,"Carlson, Dean",1,0,75,210,0,0,NA,NA,NA,NA,NA,NA
deanmay/2520411,"May, Dean",1,2,77,220,0,0,1,16.5,0,0,0,0
dennisshaw/2525401,"Shaw, Dennis",1,13,75,217,0.4444444444444444,0.07210940737670948,0.5581395348837209,185.6153846153846,3.076923076923077,0.6153846153846154,1.3846153846153846,13.384615384615385
derekanderson/2506546,"Anderson, Derek",1,0,78,235,0,0,NA,NA,NA,NA,NA,NA
derekcarr/2543499,"Carr, Derek",1,16,75,215,1.75,0.028134556574923548,0.5809682804674458,204.375,1.5,1.3125,0.75,5.75
dominiquedavis/2532829,"Davis, Dominique",1,0,75,210,0,0,NA,NA,NA,NA,NA,NA
dongault/2514710,"Gault, Don",1,2,74,190,0,0,0.10526315789473684,33.5,0.5,0,1.5,0
donmajkowski/2501847,"Majkowski, Don",1,6,74,208,1.3333333333333333,0.14721485411140584,0.42452830188679247,125.66666666666667,1.1666666666666667,0.6666666666666666,0.5,18.5
dougflutie/2500660,"Flutie, Doug",1,4,70,180,1.5,0.0997229916897507,0.5,90.25,1.5,0.75,0.5,9
douggaynor/2514730,"Gaynor, Doug",1,1,74,205,0,0.13333333333333333,1,30,1,0,0,4
dougjohnson/2503961,"Johnson, Doug",1,4,74,218,0.6666666666666666,0.027093596059113302,0.5373134328358209,101.5,3.25,0.5,0.75,2.75
dougnussmeier/2502319,"Nussmeier, Doug",1,0,75,211,0,0,NA,NA,NA,NA,NA,NA
dougpederson/2502434,"Pederson, Doug",1,7,75,222,0,-0.024390243902439025,0.5,5.857142857142857,0.14285714285714285,0,0,-0.14285714285714285
drewbrees/2504775,"Brees, Drew",1,1,72,209,1,0.08144796380090498,0.5555555555555556,221,2,1,0,18
drewolson/2506840,"Olson, Drew",1,0,74,222,0,0,NA,NA,NA,NA,NA,NA
drewstanton/2495748,"Stanton, Drew",1,3,75,243,1,0.16806722689075632,0.5294117647058824,39.666666666666664,2,0.3333333333333333,0,6.666666666666667
edbaker/2508870,"Baker, Ed",1,0,74,200,0,0,NA,NA,NA,NA,NA,NA
eddhargett/2515836,"Hargett, Edd",1,9,71,185,1.25,0.00872093023255814,0.461038961038961,114.66666666666667,0.8888888888888888,0.5555555555555556,0.4444444444444444,1
ejmanuel/2539228,"Manuel, EJ",1,10,76,237,1.2222222222222223,0.09432048681541583,0.5882352941176471,197.2,2.8,1.1,0.9,18.6
elimanning/2505996,"Manning, Eli",1,9,76,218,0.6666666666666666,0.03355704697986577,0.48223350253807107,115.88888888888889,1.4444444444444444,0.6666666666666666,1,3.888888888888889
ericzeier/2503851,"Zeier, Eric",1,7,73,214,0.4444444444444444,0.09259259259259259,0.5093167701863354,123.42857142857143,2.142857142857143,0.5714285714285714,1.2857142857142858,11.428571428571429
erikainge/363,"Ainge, Erik",1,0,77,221,0,0,NA,NA,NA,NA,NA,NA
frankpatrick/2522839,"Patrick, Frank",1,1,79,225,0,0.0847457627118644,0.42857142857142855,59,6,0,1,5
frankreich/2502624,"Reich, Frank",1,1,76,210,0,0,1,19,0,0,0,0
frankseurer/2525343,"Seurer, Frank",1,1,73,195,0,0,NA,0,0,0,0,0
frantarkenton/2527019,"Tarkenton, Fran",1,14,72,190,1.5833333333333333,0.08498379546272956,0.5629820051413882,198.35714285714286,2.5714285714285716,1.3571428571428572,0.8571428571428571,16.857142857142858
galegilbert/2500803,"Gilbert, Gale",1,9,75,209,0.5,0.01834862385321101,0.475,24.22222222222222,0.1111111111111111,0.1111111111111111,0.2222222222222222,0.4444444444444444
garrettgrayson/2552371,"Grayson, Garrett",1,0,74,220,0,0,NA,NA,NA,NA,NA,NA
garydanielson/2512449,"Danielson, Gary",1,1,74,195,0,0,NA,0,0,0,0,0
garykeithley/2518235,"Keithley, Gary",1,13,75,210,0.2,0.07859078590785908,0.4383561643835616,28.384615384615383,0.38461538461538464,0.07692307692307693,0.38461538461538464,2.230769230769231
garymarangi/2520112,"Marangi, Gary",1,3,73,201,0.6666666666666666,0.14285714285714285,0.5,46.666666666666664,0.3333333333333333,0.6666666666666666,1,6.666666666666667
genosmith/2539335,"Smith, Geno",1,16,75,221,0.5714285714285714,0.12015758371634931,0.5575620767494357,190.375,2.6875,0.75,1.3125,22.875
gibranhamdan/2505614,"Hamdan, Gibran",1,1,76,220,0,0,0.5,7,1,0,0,0
giffordnielsen/2522154,"Nielsen, Gifford",1,2,76,205,0,0,0.5,0,1,0,0,0
gilbertrenfroe/2523967,"Renfroe, Gilbert",1,0,73,195,0,0,NA,NA,NA,NA,NA,NA
giovannicarmazzi/2504269,"Carmazzi, Giovanni",1,0,75,224,0,0,NA,NA,NA,NA,NA,NA
glenncarano/2511047,"Carano, Glenn",1,0,75,201,0,0,NA,NA,NA,NA,NA,NA
glennfoley/2500666,"Foley, Glenn",1,1,74,220,0,0,0.625,45,0,0,1,0
glenninverso/2517174,"Inverso, Glenn",1,0,73,199,0,0,NA,NA,NA,NA,NA,NA
grahamharrell/71321,"Harrell, Graham",1,0,74,215,0,0,NA,NA,NA,NA,NA,NA
greggtipton/2527460,"Tipton, Gregg",1,0,75,191,0,0,NA,NA,NA,NA,NA,NA
gregknafelc/2518624,"Knafelc, Greg",1,6,76,220,0,0,NA,0,0,0,0,0
greglandry/2519027,"Landry, Greg",1,12,76,210,1.8,0.32649253731343286,0.6102941176470589,89.33333333333333,2.1666666666666665,0.75,0.4166666666666667,29.166666666666668
halchealander/2511386,"Chealander, Hal",1,0,76,218,0,0,NA,NA,NA,NA,NA,NA
huntercantwell/81278,"Cantwell, Hunter",1,0,76,236,0,0,NA,NA,NA,NA,NA,NA
inglemartin/2495896,"Martin, Ingle",1,1,74,220,0,-5,NA,0,0,0,0,-5
j.t.o'sullivan/2505163,"O'Sullivan, J.T.",1,0,74,232,0,0,NA,NA,NA,NA,NA,NA
jackthompson/2527335,"Thompson, Jack",1,9,75,217,0.2,0.24116424116424118,0.4482758620689655,53.44444444444444,1.7777777777777777,0.1111111111111111,0.5555555555555556,12.88888888888889
jacobybrissett/2555261,"Brissett, Jacoby",0,3,76,235,0,0.2075,0.6181818181818182,133.33333333333334,2,0,0,27.666666666666668
jakedelhomme/2500361,"Delhomme, Jake",1,0,74,215,0,0,NA,NA,NA,NA,NA,NA
jakerudock/2556232,"Rudock, Jake",0,0,75,207,0,0,NA,NA,NA,NA,NA,NA
jameillshowers/2553600,"Showers, Jameill",1,0,74,230,0,0,NA,NA,NA,NA,NA,NA
jameiswinston/2552033,"Winston, Jameis",1,16,76,231,1.4666666666666666,0.052696684809500245,0.5831775700934579,252.625,1.6875,1.375,0.9375,13.3125
jamesharris/2515950,"Harris, James",1,7,76,210,0.75,-0.023668639053254437,0.48,48.285714285714285,1,0.42857142857142855,0.5714285714285714,-1.1428571428571428
jamesritchey/2502676,"Ritchey, James",1,0,74,220,0,0,NA,NA,NA,NA,NA,NA
jamiemartin/2501888,"Martin, Jamie",1,0,74,205,0,0,NA,NA,NA,NA,NA,NA
jaredgoff/2555334,"Goff, Jared",0,7,76,215,0.7142857142857143,0.014692378328741965,0.5463414634146342,155.57142857142858,3.7142857142857144,0.7142857142857143,1,2.2857142857142856
jariousjackson/2504292,"Jackson, Jarious",1,2,72,228,0,-1,0,0,0.5,0,0,-0.5
jasoncampbell/2506364,"Campbell, Jason",1,0,77,235,0,0,NA,NA,NA,NA,NA,NA
jasonfife/2505741,"Fife, Jason",1,0,76,226,0,0,NA,NA,NA,NA,NA,NA
jasongarrett/2500770,"Garrett, Jason",1,5,74,200,0,-0.13114754098360656,0.47368421052631576,12.2,0.2,0,0,-1.6
jasongesser/2505383,"Gesser, Jason",1,0,73,204,0,0,NA,NA,NA,NA,NA,NA
jaybarker/2499535,"Barker, Jay",1,0,75,220,0,0,NA,NA,NA,NA,NA,NA
jaycutler/2495824,"Cutler, Jay",1,5,75,231,1.8,0.017982017982017984,0.5912408759124088,200.2,2.6,1.8,1,3.6
jayfiedler/2500619,"Fiedler, Jay",1,0,74,225,0,0,NA,NA,NA,NA,NA,NA
jayschroeder/2502859,"Schroeder, Jay",1,0,76,215,0,0,NA,NA,NA,NA,NA,NA
jayvenuto/2527934,"Venuto, Jay",1,0,73,197,0,0,NA,NA,NA,NA,NA,NA
jaywalker/2528101,"Walker, Jay",1,0,75,229,0,0,NA,NA,NA,NA,NA,NA
jeffbaker/2499500,"Baker, Jeff",1,0,75,215,0,0,NA,NA,NA,NA,NA,NA
jeffcarlson/2499990,"Carlson, Jeff",1,1,75,215,0,0,NA,0,0,0,0,0
jeffchristensen/2511457,"Christensen, Jeff",1,1,75,202,0,-2,NA,0,0,0,0,-2
jefffrancis/2500696,"Francis, Jeff",1,1,76,215,0,0,1,26,0,0,0,0
jeffgarcia/2500758,"Garcia, Jeff",1,13,73,205,1,0.09080188679245282,0.6,195.69230769230768,1.1538461538461537,0.8461538461538461,0.8461538461538461,17.76923076923077
jeffgeorge/2500788,"George, Jeff",1,13,76,214,1.2307692307692308,9.293680297397769e-4,0.5419161676646707,165.53846153846155,2.8461538461538463,1.2307692307692308,1,0.15384615384615385
jeffkelly/2505197,"Kelly, Jeff",1,0,73,212,0,0,NA,NA,NA,NA,NA,NA
jeffkemp/2501589,"Kemp, Jeff",1,1,72,201,0,0.36,0.3333333333333333,25,2,0,1,9
jeffknapple/2518630,"Knapple, Jeff",1,2,74,200,0,0,0.25,7.5,0,0,0,0
jeffkomlo/2518712,"Komlo, Jeff",1,16,74,200,0.4782608695652174,0.04781054512957998,0.49728260869565216,139.875,2.5,0.6875,1.4375,6.6875
jefflewis/2501745,"Lewis, Jeff",1,2,74,211,0,0.6724137931034483,0.5294117647058824,29,0.5,0,0.5,19.5
jeffquinn/2523656,"Quinn, Jeff",1,0,75,205,0,0,NA,NA,NA,NA,NA,NA
jeffvanraaphorst/2527883,"Van Raaphorst, Jeff",1,2,73,210,0.5,0.034482758620689655,0.5294117647058824,87,1.5,0.5,1,3
jerrygolsteyn/2515026,"Golsteyn, Jerry",1,6,76,207,0.25,-0.009615384615384616,0.44285714285714284,69.33333333333333,2.3333333333333335,0.3333333333333333,1.3333333333333333,-0.6666666666666666
jerryrhome/2524041,"Rhome, Jerry",1,12,72,190,0.375,0.032679738562091505,0.5075757575757576,63.75,0.75,0.25,0.6666666666666666,2.0833333333333335
jerrytagge/2526982,"Tagge, Jerry",1,4,74,220,0,-0.01948051948051948,0.3448275862068966,38.5,0.75,0,0,-0.75
jessepalmer/2504732,"Palmer, Jesse",1,0,74,219,0,0,NA,NA,NA,NA,NA,NA
jimballard/2499514,"Ballard, Jim",1,0,75,223,0,0,NA,NA,NA,NA,NA,NA
jimbobtaylor/2527093,"Taylor, Jim Bob",1,8,74,205,0,0,0.5,2.5,0,0,0.125,0
jimdelgaizo/2512747,"Del Gaizo, Jim",1,4,73,198,2,0,0.5555555555555556,41.25,0,0.5,0.25,0
jimeverett/2500577,"Everett, Jim",1,6,77,212,1,0.04518664047151277,0.4965986394557823,169.66666666666666,1.3333333333333333,1.3333333333333333,1.3333333333333333,7.666666666666667
jimfassel/2513863,"Fassel, Jim",1,0,73,210,0,0,NA,NA,NA,NA,NA,NA
jimharbaugh/2501019,"Harbaugh, Jim",1,6,75,215,0,0.24193548387096775,0.7272727272727273,10.333333333333334,0.6666666666666666,0,0,2.5
jimhart/2516025,"Hart, Jim",1,13,73,215,0.8235294117647058,0.0061074918566775245,0.4514285714285714,188.92307692307693,2,1.0769230769230769,1.3076923076923077,1.1538461538461537
jimkelly/2501579,"Kelly, Jim",1,16,75,226,1.2941176470588236,0.05538547175062622,0.59375,224.5625,2.6875,1.375,1.0625,12.4375
jimmygaroppolo/2543801,"Garoppolo, Jimmy",1,6,74,225,1,0.04945054945054945,0.7037037037037037,30.333333333333332,0.8333333333333334,0.16666666666666666,0,1.5
jimward/2528222,"Ward, Jim",1,2,74,196,0,0,1,2,0,0,0,0
jimzorn/2529688,"Zorn, Jim",1,14,74,200,0.4444444444444444,0.09568261376896149,0.47380410022779046,183.64285714285714,1.7857142857142858,0.8571428571428571,1.9285714285714286,17.571428571428573
joebarnes/2509020,"Barnes, Joe",1,3,71,205,0,0.6551724137931034,0.2222222222222222,9.666666666666666,1,0,0.3333333333333333,6.333333333333333
joecallahan/2556492,"Callahan, Joe",0,0,73,216,0,0,NA,NA,NA,NA,NA,NA
joeferguson/2513953,"Ferguson, Joe",1,14,73,195,0.4,0.15654952076677317,0.4451219512195122,67.07142857142857,1.4285714285714286,0.2857142857142857,0.7142857142857143,10.5
joeflacco/382,"Flacco, Joe",1,16,78,245,1.1666666666666667,0.060585661393470214,0.6004672897196262,185.6875,2,0.875,0.75,11.25
joegermaine/2500795,"Germaine, Joe",1,3,74,220,0.5,0,0.5625,45.333333333333336,1,0.3333333333333333,0.6666666666666666,0
joegilliam/2514891,"Gilliam, Joe",1,2,74,187,0,0,0.6363636363636364,24,1,0,0,0
joehamilton/2504199,"Hamilton, Joe",1,1,70,190,0,-2,NA,0,1,0,0,-2
joekapp/2518137,"Kapp, Joe",1,11,74,215,0.17647058823529413,0.06431159420289854,0.4474885844748858,100.36363636363636,2.4545454545454546,0.2727272727272727,1.5454545454545454,6.454545454545454
joenamath/2521943,"Namath, Joe",1,5,74,200,0.4166666666666667,-7.942811755361397e-4,0.5027932960893855,251.8,1.2,1,2.4,-0.2
joepisarcik/2523269,"Pisarcik, Joe",1,13,76,220,0.2857142857142857,0.04234769687964339,0.42738589211618255,103.53846153846153,2.4615384615384617,0.3076923076923077,1.0769230769230769,4.384615384615385
joereed/2523867,"Reed, Joe",1,8,73,195,0,22,NA,0,0,0,0,2.75
joetheismann/2527196,"Theismann, Joe",1,9,72,192,1,0.08275862068965517,0.8181818181818182,16.11111111111111,0.2222222222222222,0.1111111111111111,0,1.3333333333333333
joewebb/1037347,"Webb, Joe",1,5,76,235,0,0.25157232704402516,0.6067415730337079,95.4,1.6,0,0.6,24
joeyharrington/2505011,"Harrington, Joey",1,14,76,210,0.75,0.0017436791630340018,0.5011655011655012,163.85714285714286,0.5714285714285714,0.8571428571428571,1.1428571428571428,0.2857142857142857
johnbeck/2507171,"Beck, John",1,5,74,217,0.3333333333333333,0.02146690518783542,0.5607476635514018,111.8,2,0.2,0.6,2.4
johnelway/2500547,"Elway, John",1,11,75,215,0.5,0.08779314491882141,0.4749034749034749,151.1818181818182,2.5454545454545454,0.6363636363636364,1.2727272727272727,13.272727272727273
johnfourcade/2514290,"Fourcade, John",1,3,73,208,1.3333333333333333,0.22445561139028475,0.5393258426966292,199,2,1.3333333333333333,1,44.666666666666664
johnhadl/2515554,"Hadl, John",1,11,73,214,1.4166666666666667,0.07036466358500257,0.5223880597014925,177,3.090909090909091,1.5454545454545454,1.0909090909090908,12.454545454545455
johnmccarthy/2520526,"McCarthy, John",1,0,76,212,0,0,NA,NA,NA,NA,NA,NA
johnnavarre/2506020,"Navarre, John",1,1,78,243,0.25,0,0.45,168,1,1,4,0
johnnyjohnson/2501432,"Johnson, Johnny",1,0,73,202,0,0,NA,NA,NA,NA,NA,NA
johnnymanziel/2543462,"Manziel, Johnny",1,5,72,210,0,0.1657142857142857,0.5142857142857142,35,0.6,0,0.4,5.8
johnnyunitas/2527792,"Unitas, Johnny",1,13,73,194,0.7647058823529411,0.008032128514056224,0.5171232876712328,153.23076923076923,1.3076923076923077,1,1.3076923076923077,1.2307692307692308
johnpaci/2502380,"Paci, John",1,0,75,218,0,0,NA,NA,NA,NA,NA,NA
johnpaye/2522896,"Paye, John",1,0,75,205,0,0,NA,NA,NA,NA,NA,NA
johnreaves/2523820,"Reaves, John",1,11,75,210,0.5833333333333334,0.07228116710875332,0.48214285714285715,137.0909090909091,3.4545454545454546,0.6363636363636364,1.0909090909090908,9.909090909090908
johnwalsh/2503523,"Walsh, John",1,0,76,215,0,0,NA,NA,NA,NA,NA,NA
johnwalton/2528196,"Walton, John",1,3,74,210,0,0.008,0.42857142857142855,41.666666666666664,0.3333333333333333,0,0.6666666666666666,0.3333333333333333
jonathanquinn/2502570,"Quinn, Jonathan",1,4,78,240,0.6666666666666666,0.19896640826873385,0.53125,96.75,2.25,0.5,0.75,19.25
jonkitna/2501630,"Kitna, Jon",1,3,74,220,0.5,0.02425876010781671,0.6888888888888889,123.66666666666667,1,0.3333333333333333,0.6666666666666666,3
jordanpalmer/2507237,"Palmer, Jordan",1,3,77,230,0,0.0975609756097561,0.5833333333333334,13.666666666666666,0.6666666666666666,0,0.6666666666666666,1.3333333333333333
joshharris/2534538,"Harris, Josh",1,0,73,238,0,0,NA,NA,NA,NA,NA,NA
joshmccown/2505076,"McCown, Josh",1,2,76,218,0,0.30303030303030304,0.3888888888888889,33,2.5,0,1,10
joshuanesbitt/2530723,"Nesbitt, Joshua",1,0,73,213,0,0,NA,NA,NA,NA,NA,NA
keithnull/238471,"Null, Keith",1,4,76,219,0.3333333333333333,0.01060070671378092,0.6134453781512605,141.5,3.25,0.75,2.25,1.5
kellenclemens/2506895,"Clemens, Kellen",1,2,74,220,0,10,0,0,2,0,0,5
kellenmoore/2532917,"Moore, Kellen",1,0,72,200,0,0,NA,NA,NA,NA,NA,NA
kenanderson/2508498,"Anderson, Ken",1,11,74,212,1.25,0.16087516087516088,0.549618320610687,70.63636363636364,2.090909090909091,0.45454545454545453,0.36363636363636365,11.363636363636363
kenjohnson/2517690,"Johnson, Ken",1,0,74,205,0,0,NA,NA,NA,NA,NA,NA
kenkarcher/2518144,"Karcher, Ken",1,3,75,205,1.25,0.004777070063694267,0.5490196078431373,209.33333333333334,1.6666666666666667,1.6666666666666667,1.3333333333333333,1
keno'brien/2502323,"O'Brien, Ken",1,0,76,210,0,0,NA,NA,NA,NA,NA,NA
kentnix/2522175,"Nix, Kent",1,1,74,195,0,0,0,0,1,0,0,0
kerwinbell/2499604,"Bell, Kerwin",1,0,75,210,0,0,NA,NA,NA,NA,NA,NA
kevindaft/2500269,"Daft, Kevin",1,0,73,207,0,0,NA,NA,NA,NA,NA,NA
keviningram/2517164,"Ingram, Kevin",1,2,72,178,1,2.8,0.5,2.5,0.5,0.5,0,7
kevinkolb/2507169,"Kolb, Kevin",1,1,75,218,0,-2,NA,0,2,0,0,-2
kevino'connell/371,"O'Connell, Kevin",1,2,77,225,0,-0.2608695652173913,0.6666666666666666,11.5,0.5,0,0,-3
kevinthompson/2504035,"Thompson, Kevin",1,1,77,236,0,0,1,8,0,0,0,0
kimhammond/2515715,"Hammond, Kim",1,0,73,190,0,0,NA,NA,NA,NA,NA,NA
kirkcousins/2532820,"Cousins, Kirk",1,3,75,210,1.3333333333333333,0.04721030042918455,0.6875,155.33333333333334,1,1.3333333333333333,1,7.333333333333333
kirkfarmer/2505406,"Farmer, Kirk",1,0,77,218,0,0,NA,NA,NA,NA,NA,NA
kliffkingsbury/2505539,"Kingsbury, Kliff",1,1,75,220,0,0,0.5,17,0,0,0,0
koydetmer/2500378,"Detmer, Koy",1,8,73,195,1,0.019782393669634024,0.5359116022099447,126.375,0.625,0.625,0.625,2.5
kurtkittner/2505140,"Kittner, Kurt",1,0,74,211,0,0,NA,NA,NA,NA,NA,NA
kurtwarner/2503540,"Warner, Kurt",1,1,74,214,0,0,0.36363636363636365,39,0,0,0,0
kylemackey/2519921,"Mackey, Kyle",1,0,75,220,0,0,NA,NA,NA,NA,NA,NA
kyleorton/2506444,"Orton, Kyle",1,15,76,228,0.6923076923076923,0.023542001070090957,0.5163043478260869,124.6,2,0.6,0.8666666666666667,2.933333333333333
landryjones/2539287,"Jones, Landry",1,0,76,225,0,0,NA,NA,NA,NA,NA,NA
langcampbell/2506286,"Campbell, Lang",1,0,73,199,0,0,NA,NA,NA,NA,NA,NA
larrycipa/2511498,"Cipa, Larry",1,4,75,209,0,0.1446280991735537,0.36363636363636365,60.5,1,0,0,8.75
larryfortner/2514263,"Fortner, Larry",1,0,76,209,0,0,NA,NA,NA,NA,NA,NA
larrylawrence/2519183,"Lawrence, Larry",1,7,73,208,0,1.3448275862068966,0.36363636363636365,4.142857142857143,0.42857142857142855,0,0.14285714285714285,5.571428571428571
leesaltz/2502811,"Saltz, Lee",1,0,73,200,0,0,NA,NA,NA,NA,NA,NA
lendawson/2512662,"Dawson, Len",1,12,72,190,1.0909090909090908,0.019831730769230768,0.5512820512820513,138.66666666666666,2.5,1,0.9166666666666666,2.75
leohart/2516029,"Hart, Leo",1,1,75,203,0,0,0,0,0,0,0,0
loganthomas/2543767,"Thomas, Logan",1,2,78,250,1,0,0.1111111111111111,40.5,1,0.5,0,0
lukemccown/2506053,"McCown, Luke",1,5,76,217,0.5714285714285714,0.04111842105263158,0.4897959183673469,121.6,2.4,0.8,1.4,5
lynndickey/2512900,"Dickey, Lynn",1,6,75,214,0,0,0.35135135135135137,38.833333333333336,0.5,0,1,0
marcusmariota/2552466,"Mariota, Marcus",1,12,76,222,1.9,0.08942512420156139,0.6216216216216216,234.83333333333334,3.1666666666666665,1.5833333333333333,0.8333333333333334,21
markhartsell/2501071,"Hartsell, Mark",1,1,76,225,0,0,0,0,0,0,0,0
markmalone/2520038,"Malone, Mark",1,1,76,223,0,0,NA,0,0,0,0,0
markmanges/2520057,"Manges, Mark",1,1,74,210,0,0,NA,0,0,0,0,0
markreed/2523870,"Reed, Mark",1,0,75,201,0,0,NA,NA,NA,NA,NA,NA
markvlasic/2503477,"Vlasic, Mark",1,1,75,206,0,0,0.5,8,1,0,1,0
mattcassel/2506562,"Cassel, Matt",1,2,76,228,2,0.06557377049180328,0.5416666666666666,91.5,0.5,1,0.5,6
mattcavanaugh/2500034,"Cavanaugh, Matt",1,0,74,212,0,0,NA,NA,NA,NA,NA,NA
mattflynn/367,"Flynn, Matt",1,7,74,225,0,0.6666666666666666,0.4,0.8571428571428571,0,0,0,0.5714285714285714
matthasselbeck/2501078,"Hasselbeck, Matt",1,16,76,235,1,0.36585365853658536,0.3,2.5625,0.0625,0.0625,0,0.9375
matthewstafford/79860,"Stafford, Matthew",1,10,75,226,0.65,0.04764005293339215,0.53315649867374,226.7,2.4,1.3,2,10.8
mattkofler/2518686,"Kofler, Matt",1,4,75,192,0,21,NA,0,0,0,0,5.25
mattleinart/2506878,"Leinart, Matt",1,12,77,225,0.9166666666666666,0.019238319591676482,0.5676392572944297,212.25,1.75,0.9166666666666666,1,4.083333333333333
mattmauck/2505966,"Mauck, Matt",1,0,74,220,0,0,NA,NA,NA,NA,NA,NA
mattmcgloin/2542065,"McGloin, Matt",1,7,73,210,1,0.017453135100193924,0.5592417061611374,221,0.8571428571428571,1.1428571428571428,1.1428571428571428,3.857142857142857
mattmoore/2507282,"Moore, Matt",1,9,75,225,0.6,0.00684931506849315,0.5675675675675675,81.11111111111111,0.6666666666666666,0.3333333333333333,0.5555555555555556,0.5555555555555556
mattryan/310,"Ryan, Matt",1,16,76,217,1.4545454545454546,0.030232558139534883,0.6105990783410138,215,1.0625,1,0.6875,6.5
mattschaub/2505982,"Schaub, Matt",1,6,78,245,0.25,0.07878787878787878,0.4714285714285714,55,0.6666666666666666,0.16666666666666666,0.6666666666666666,4.333333333333333
mattsimms/2534889,"Simms, Matt",1,3,75,210,1,0.23717948717948717,0.5161290322580645,52,1.3333333333333333,0.3333333333333333,0.3333333333333333,12.333333333333334
maxhall/497112,"Hall, Max",1,6,73,205,0.16666666666666666,-0.013513513513513514,0.5,61.666666666666664,2.3333333333333335,0.16666666666666666,1,-0.8333333333333334
mikecherry/2500057,"Cherry, Mike",1,1,76,225,0,-2,NA,0,0,0,0,-2
mikeelkins/2500531,"Elkins, Mike",1,1,75,221,0,0,0.5,5,0,0,1,0
mikeernst/2513692,"Ernst, Mike",1,1,73,190,0,0.4,0.25,10,0,0,0,4
mikeford/2514231,"Ford, Mike",1,0,75,220,0,0,NA,NA,NA,NA,NA,NA
mikeglennon/2539275,"Glennon, Mike",1,13,78,225,2.111111111111111,0.014187116564417178,0.59375,200.6153846153846,3.076923076923077,1.4615384615384615,0.6923076923076923,2.8461538461538463
mikekafka/497117,"Kafka, Mike",1,0,75,230,0,0,NA,NA,NA,NA,NA,NA
mikekelley/2518271,"Kelley, Mike",1,3,75,195,1,0.05573770491803279,0.5862068965517241,101.66666666666667,0.3333333333333333,0.3333333333333333,0,5.666666666666667
mikekerrigan/2518378,"Kerrigan, Mike",1,1,75,205,0,0.19444444444444445,0.42857142857142855,72,0,0,1,14
mikekirkland/2518558,"Kirkland, Mike",1,0,73,195,0,0,NA,NA,NA,NA,NA,NA
mikemachurek/2519904,"Machurek, Mike",1,0,73,205,0,0,NA,NA,NA,NA,NA,NA
mikenorseth/2502307,"Norseth, Mike",1,0,74,200,0,0,NA,NA,NA,NA,NA,NA
mikenott/2522285,"Nott, Mike",1,1,75,203,0,0,0.4,46,1,0,0,0
mikepagel/2522660,"Pagel, Mike",1,8,74,201,0.5714285714285714,0.04766355140186916,0.4835164835164835,133.75,1.625,0.5,0.875,6.375
mikepawlawski/2502430,"Pawlawski, Mike",1,0,73,205,0,0,NA,NA,NA,NA,NA,NA
mikephipps/2523199,"Phipps, Mike",1,14,75,208,0.2,0.1776937618147448,0.48333333333333334,37.785714285714285,0.5,0.07142857142857142,0.35714285714285715,6.714285714285714
mikequinn/2502571,"Quinn, Mike",1,1,76,216,0,0,0.5,10,0,0,0,0
mikerae/2523687,"Rae, Mike",1,7,72,193,6,0.08872901678657075,0.5384615384615384,59.57142857142857,1.1428571428571428,0.8571428571428571,0.14285714285714285,5.285714285714286
mikereilly/2507592,"Reilly, Mike",1,0,75,212,0,0,NA,NA,NA,NA,NA,NA
miketaliaferro/2526999,"Taliaferro, Mike",1,11,74,202,0.36363636363636365,0.012629161882893225,0.4508670520231214,79.18181818181819,1.3636363636363635,0.36363636363636365,1,1
miketeel/237678,"Teel, Mike",1,0,75,230,0,0,NA,NA,NA,NA,NA,NA
miketomczak/2503373,"Tomczak, Mike",1,6,73,210,0,0.09090909090909091,0.3333333333333333,5.5,0,0,0,0.5
mikevick/2504531,"Vick, Mike",1,8,72,210,0.6666666666666666,0.3681528662420382,0.4424778761061947,98.125,2.625,0.25,0.375,36.125
mikewells/2528512,"Wells, Mike",1,0,77,225,0,0,NA,NA,NA,NA,NA,NA
natedavis/80634,"Davis, Nate",1,0,73,226,0,0,NA,NA,NA,NA,NA,NA
natesudfeld/2555427,"Sudfeld, Nate",0,0,78,235,0,0,NA,NA,NA,NA,NA,NA
nathanenderle/2495149,"Enderle, Nathan",1,0,76,240,0,0,NA,NA,NA,NA,NA,NA
nealjeffrey/2517462,"Jeffrey, Neal",1,5,73,180,0,0,1,2.2,0,0,0,0
neilgraff/2515140,"Graff, Neil",1,14,75,205,0,0,1,1.4285714285714286,0,0,0,0
neilo'donnell/2502324,"O'Donnell, Neil",1,0,75,228,0,0,NA,NA,NA,NA,NA,NA
nickfoles/2532842,"Foles, Nick",1,7,78,243,1.2,0.024720423778693348,0.6075471698113207,242.71428571428572,2.857142857142857,0.8571428571428571,0.7142857142857143,6
norrisweese/2528452,"Weese, Norris",1,14,73,195,0.16666666666666666,0.45222929936305734,0.5106382978723404,22.428571428571427,0.6428571428571429,0.07142857142857142,0.42857142857142855,10.142857142857142
parnelldickinson/2512906,"Dickinson, Parnell",1,8,74,185,0.2,0.49047619047619045,0.38461538461538464,26.25,1.75,0.125,0.625,12.875
patbarnes/2499545,"Barnes, Pat",1,0,75,215,0,0,NA,NA,NA,NA,NA,NA
patdevlin/2530762,"Devlin, Pat",1,0,75,220,0,0,NA,NA,NA,NA,NA,NA
pathaden/2515552,"Haden, Pat",1,9,71,182,4,0.09078947368421053,0.5903614457831325,84.44444444444444,1.3333333333333333,0.8888888888888888,0.2222222222222222,7.666666666666667
pato'hara/2502326,"O'Hara, Pat",1,0,75,205,0,0,NA,NA,NA,NA,NA,NA
patrickramsey/2505223,"Ramsey, Patrick",1,9,74,225,1.125,-6.49772579597141e-4,0.5154185022026432,171,2,1,0.8888888888888888,-0.1111111111111111
paulkelly/2518298,"Kelly, Paul",1,0,73,205,0,0,NA,NA,NA,NA,NA,NA
paxtonlynch/2555316,"Lynch, Paxton",0,3,79,244,2,0.05030181086519115,0.5903614457831325,165.66666666666666,3,0.6666666666666666,0.3333333333333333,8.333333333333334
perryklein/2501632,"Klein, Perry",1,2,74,218,0,0,0,0,1,0,0,0
petebeathard/2509249,"Beathard, Pete",1,4,73,200,2,0.017543859649122806,0.4117647058823529,28.5,0,0.5,0.25,0.5
petegonzalez/2500834,"Gonzalez, Pete",1,0,73,216,0,0,NA,NA,NA,NA,NA,NA
peteliske/2519570,"Liske, Pete",1,10,75,200,0.7777777777777778,0.033734939759036145,0.4796380090497738,124.5,2.7,0.7,0.9,4.2
peytonmanning/2501863,"Manning, Peyton",1,16,77,230,0.9285714285714286,0.016581973789783364,0.5669565217391305,233.6875,1.375,1.625,1.75,3.875
philiprivers/2506121,"Rivers, Philip",1,2,77,228,1,-0.15151515151515152,0.625,16.5,0.5,0.5,0,-2.5
prestonparsons/2504971,"Parsons, Preston",1,0,76,235,0,0,NA,NA,NA,NA,NA,NA
quincycarter/2504658,"Carter, Quincy",1,8,74,217,0.7142857142857143,0.13992537313432835,0.5113636363636364,134,1.5,0.625,0.875,18.75
r.j.archer/2508608,"Archer, R.J.",1,0,74,220,0,0,NA,NA,NA,NA,NA,NA
randydean/2512687,"Dean, Randy",1,1,75,195,0,0,NA,0,0,0,0,0
randyfasani/2505123,"Fasani, Randy",1,4,75,234,0,0.5555555555555556,0.3409090909090909,42.75,1.75,0,1,23.75
randyjohnson/2517740,"Johnson, Randy",1,4,75,205,0.25,0.04740406320541761,0.5555555555555556,110.75,4,0.5,2,5.25
richardbartel/2507299,"Bartel, Richard",1,0,76,230,0,0,NA,NA,NA,NA,NA,NA
richardtodd/2527483,"Todd, Richard",1,13,74,207,0.25,0.12298850574712644,0.4012345679012346,66.92307692307692,2.230769230769231,0.23076923076923078,0.9230769230769231,8.23076923076923
richcampbell/2510991,"Campbell, Rich",1,2,76,224,0,0,0.5,84,1,0,2,0
richgannon/2500754,"Gannon, Rich",1,4,75,210,0,0,0.3333333333333333,4.5,0,0,0.25,0
rickarrington/2508672,"Arrington, Rick",1,6,74,200,0.3333333333333333,0.10060975609756098,0.5068493150684932,54.666666666666664,0.3333333333333333,0.16666666666666666,0.5,5.5
rickneuheisel/2522074,"Neuheisel, Rick",1,3,73,190,1,0.11171662125340599,0.6779661016949152,122.33333333333333,3.3333333333333335,0.3333333333333333,0.3333333333333333,13.666666666666666
ricknorton/2522275,"Norton, Rick",1,1,74,200,1,0,0.6,64,2,1,0,0
rickyray/2504760,"Ray, Ricky",1,0,75,208,0,0,NA,NA,NA,NA,NA,NA
robertgriffiniii/2533033,"Griffin III, Robert",1,15,74,218,4,0.2546875,0.6564885496183206,213.33333333333334,2,1.3333333333333333,0.3333333333333333,54.333333333333336
robjohnson/2501452,"Johnson, Rob",1,1,76,212,0,0.7083333333333334,0.42857142857142855,24,1,0,1,17
rodneypeete/2502436,"Peete, Rodney",1,8,72,230,0.5555555555555556,0.10006761325219743,0.5282051282051282,184.875,3.375,0.625,1.125,18.5
rohandavey/2505108,"Davey, Rohan",1,2,74,245,0,-1.3333333333333333,0.5,1.5,0,0,0,-2
romangabriel/2514517,"Gabriel, Roman",1,13,77,220,1.5,0.0411968777103209,0.5067750677506775,177.3846153846154,1.1538461538461537,1.1538461538461537,0.7692307692307693,7.3076923076923075
ronjaworski/2517443,"Jaworski, Ron",1,5,74,196,0,0.2361111111111111,0.4166666666666667,28.8,0.6,0,0.2,6.8
rudycarpenter/81280,"Carpenter, Rudy",1,0,74,215,0,0,NA,NA,NA,NA,NA,NA
russellwilson/2532975,"Wilson, Russell",1,16,71,215,2.6,0.1568313021167415,0.6412213740458015,194.875,2.0625,1.625,0.625,30.5625
russjensen/2517516,"Jensen, Russ",1,0,74,215,0,0,NA,NA,NA,NA,NA,NA
rustylisch/2519566,"Lisch, Rusty",1,2,75,213,0,0,0.35294117647058826,34,1.5,0,1.5,0
ryanfitzpatrick/2506581,"Fitzpatrick, Ryan",1,4,74,223,0.5,0.08236808236808237,0.562962962962963,194.25,2.25,1,2,16
ryangriffin/2541185,"Griffin, Ryan",1,0,77,210,0,0,NA,NA,NA,NA,NA,NA
ryanleaf/2501708,"Leaf, Ryan",1,10,77,235,0.13333333333333333,0.062063615205585725,0.4530612244897959,128.9,2.2,0.2,1.5,8
ryanlindley/2532894,"Lindley, Ryan",1,6,75,232,0,0.009308510638297872,0.52046783625731,125.33333333333333,2,0,1.1666666666666667,1.1666666666666667
ryanmallett/2495443,"Mallett, Ryan",1,0,78,250,0,0,NA,NA,NA,NA,NA,NA
ryannassib/2539961,"Nassib, Ryan",1,0,74,223,0,0,NA,NA,NA,NA,NA,NA
ryantannehill/2532956,"Tannehill, Ryan",1,16,76,216,0.9230769230769231,0.06405585913782635,0.5826446280991735,205.875,2.1875,0.75,0.8125,13.1875
samadkins/2508248,"Adkins, Sam",1,1,74,214,0,6,NA,0,1,0,0,6
sammygarza/2514687,"Garza, Sammy",1,2,73,184,0.5,0.16939890710382513,0.55,91.5,0.5,0.5,1,15.5
sandyosiecki/2522571,"Osiecki, Sandy",1,4,77,202,0,-0.03125,0.4117647058823529,16,0.25,0,0.25,-0.5
scottcampbell/2510992,"Campbell, Scott",1,5,72,196,1,-0.045871559633027525,0.5333333333333333,21.8,0,0.2,0.2,-1
scottotis/2502370,"Otis, Scott",1,0,77,230,0,0,NA,NA,NA,NA,NA,NA
scottsecules/2502888,"Secules, Scott",1,0,75,220,0,0,NA,NA,NA,NA,NA,NA
scotttinsley/2527454,"Tinsley, Scott",1,3,74,195,0.75,0.0031397174254317113,0.5581395348837209,212.33333333333334,2,1,1.3333333333333333,0.6666666666666666
scotttolzien/2495425,"Tolzien, Scott",1,0,74,213,0,0,NA,NA,NA,NA,NA,NA
scottzolak/2503861,"Zolak, Scott",1,6,77,235,0.5,0.1265597147950089,0.52,93.5,2.8333333333333335,0.3333333333333333,0.6666666666666666,11.833333333333334
seancanfield/497104,"Canfield, Sean",1,0,76,223,0,0,NA,NA,NA,NA,NA,NA
seankeenan/2504042,"Keenan, Sean",1,0,75,208,0,0,NA,NA,NA,NA,NA,NA
seanmannion/2552576,"Mannion, Sean",1,1,78,233,0,0,0.8571428571428571,31,0,0,0,0
seanpayton/2522906,"Payton, Sean",1,3,71,200,0,0.35443037974683544,0.34782608695652173,26.333333333333332,2.3333333333333335,0,0.3333333333333333,9.333333333333334
seansalisbury/2502809,"Salisbury, Sean",1,0,77,225,0,0,NA,NA,NA,NA,NA,NA
senecawallace/2505562,"Wallace, Seneca",1,0,71,205,0,0,NA,NA,NA,NA,NA,NA
shanematthews/2501913,"Matthews, Shane",1,0,75,199,0,0,NA,NA,NA,NA,NA,NA
shaunhill/2504833,"Hill, Shaun",1,0,75,230,0,0,NA,NA,NA,NA,NA,NA
shaunking/2501619,"King, Shaun",1,6,73,228,1.75,0.04342857142857143,0.6095890410958904,145.83333333333334,1.8333333333333333,1.1666666666666667,0.6666666666666666,6.333333333333333
shawnhalloran/2515667,"Halloran, Shawn",1,3,76,217,0,-0.034220532319391636,0.42857142857142855,87.66666666666667,1.6666666666666667,0,0.3333333333333333,-3
stangelbaugh/2500785,"Gelbaugh, Stan",1,0,75,215,0,0,NA,NA,NA,NA,NA,NA
stefanlefors/2506458,"LeFors, Stefan",1,0,72,201,0,0,NA,NA,NA,NA,NA,NA
stephenmorris/2550376,"Morris, Stephen",1,0,74,218,0,0,NA,NA,NA,NA,NA,NA
stevebartkowski/2509103,"Bartkowski, Steve",1,11,76,213,0.8666666666666667,0.009025270758122744,0.45098039215686275,151.0909090909091,1.7272727272727273,1.1818181818181819,1.3636363636363635,1.3636363636363635
stevedeberg/2500356,"DeBerg, Steve",1,0,75,230,0,0,NA,NA,NA,NA,NA,NA
stevedils/2512939,"Dils, Steve",1,1,73,190,0,0,NA,0,0,0,0,0
stevejoachim/2517543,"Joachim, Steve",1,1,75,215,0,0,NA,0,0,0,0,0
stevematthews/2501914,"Matthews, Steve",1,0,75,228,0,0,NA,NA,NA,NA,NA,NA
stevepelluer/2502440,"Pelluer, Steve",1,1,76,204,0,0,NA,0,0,0,0,0
stevepisarkiewicz/2523270,"Pisarkiewicz, Steve",1,0,74,205,0,0,NA,NA,NA,NA,NA,NA
steveramsey/2523725,"Ramsey, Steve",1,1,74,210,0,0,0,0,0,0,0,0
stevetensi/2527158,"Tensi, Steve",1,7,77,215,0.375,0.025974025974025976,0.475,77,0.8571428571428571,0.42857142857142855,1.1428571428571428,2
stevewalsh/2503524,"Walsh, Steve",1,8,75,215,0.5555555555555556,0.011670313639679067,0.502283105022831,171.375,1.375,0.625,1.125,2
steveyoung/2503843,"Young, Steve",1,5,74,215,0.375,0.24919786096256685,0.5217391304347826,187,4.2,0.6,1.6,46.6
stoneycase/2500026,"Case, Stoney",1,2,75,201,0,0.21052631578947367,0.5,9.5,0,0,0.5,2
t.j.yates/2508123,"Yates, T.J.",1,6,76,217,1,0.06006322444678609,0.6119402985074627,158.16666666666666,2.5,0.5,0.5,9.5
tarvarisjackson/2495863,"Jackson, Tarvaris",1,4,74,225,0.5,0.16210526315789472,0.5802469135802469,118.75,2,0.5,1,19.25
taylorheinicke/2553656,"Heinicke, Taylor",1,0,73,210,0,0,NA,NA,NA,NA,NA,NA
teddybridgewater/2543465,"Bridgewater, Teddy",1,13,74,215,1.1666666666666667,0.07159986296676944,0.6442786069651741,224.53846153846155,3,1.0769230769230769,0.9230769230769231,16.076923076923077
teemartin/2504246,"Martin, Tee",1,0,74,225,0,0,NA,NA,NA,NA,NA,NA
terryhanratty/2515763,"Hanratty, Terry",1,13,73,210,0.625,-0.0059382422802850355,0.39263803680981596,64.76923076923077,0.23076923076923078,0.38461538461538464,0.6153846153846154,-0.38461538461538464
terrynugent/2522302,"Nugent, Terry",1,0,76,218,0,0,NA,NA,NA,NA,NA,NA
thadlewis/497121,"Lewis, Thad",1,0,74,219,0,0,NA,NA,NA,NA,NA,NA
timhasselbeck/2504361,"Hasselbeck, Tim",1,2,73,214,0,0,NA,0,0,0,0,0
timrattay/2504237,"Rattay, Tim",1,1,72,200,0,-1,1,-4,0,0,0,-1
timriordan/2524208,"Riordan, Tim",1,1,73,185,0,3,0,0,0,0,0,3
timtebow/497135,"Tebow, Tim",1,9,75,245,1.6666666666666667,0.3470948012232416,0.5,72.66666666666667,0.6666666666666666,0.5555555555555556,0.3333333333333333,25.22222222222222
timvangalder/2527866,"Van Galder, Tim",1,0,74,200,0,0,NA,NA,NA,NA,NA,NA
toddmarinovich/2520146,"Marinovich, Todd",1,1,76,220,3,0.05761316872427984,0.575,243,0,3,0,14
toddphilcox/2502469,"Philcox, Todd",1,2,76,218,0,0,0,0,1,0,0.5,0
toddsantos/2524913,"Santos, Todd",1,0,74,207,0,0,NA,NA,NA,NA,NA,NA
tombrady/2504211,"Brady, Tom",1,1,76,225,0,0,0.3333333333333333,6,0,0,0,0
tomflick/2514150,"Flick, Tom",1,6,74,190,0,0,0.48148148148148145,23.833333333333332,0.3333333333333333,0,0.3333333333333333,0
tommymaddox/2501842,"Maddox, Tommy",1,13,76,219,0.5555555555555556,0.026420079260237782,0.5454545454545454,58.23076923076923,0.7692307692307693,0.38461538461538464,0.6923076923076923,1.5384615384615385
tomowen/2522607,"Owen, Tom",1,10,73,195,0.6666666666666666,0.027128862094951016,0.4782608695652174,132.7,2.5,1,1.5,3.6
tomramsey/2523726,"Ramsey, Tom",1,0,73,189,0,0,NA,NA,NA,NA,NA,NA
tomsavage/2543640,"Savage, Tom",1,2,76,230,0,-0.047244094488188976,0.5263157894736842,63.5,0.5,0,0.5,-3
tonyadams/2508191,"Adams, Tony",1,6,72,198,0.5,0.09438202247191012,0.4675324675324675,74.16666666666667,1.8333333333333333,0.3333333333333333,0.6666666666666666,7
tonybanks/2499522,"Banks, Tony",1,14,76,229,1,0.08333333333333333,0.5217391304347826,181.71428571428572,3.4285714285714284,1.0714285714285714,1.0714285714285714,15.142857142857142
tonyeason/2513415,"Eason, Tony",1,16,76,212,0.2,0.07001795332136446,0.4842105263157895,34.8125,1,0.0625,0.3125,2.4375
tonypike/497125,"Pike, Tony",1,1,78,222,0,0,0.5,47,1,0,0,0
tonysacca/2524778,"Sacca, Tony",1,2,77,234,0,0,0.36363636363636365,14.5,0,0,1,0
trentdilfer/2500392,"Dilfer, Trent",1,5,76,247,0.16666666666666666,0.06235565819861432,0.4634146341463415,86.6,1.6,0.2,1.2,5.4
trentedwards/2507189,"Edwards, Trent",1,10,76,230,0.875,0.030061349693251534,0.5613382899628253,163,1.2,0.7,0.8,4.9
trevoneboykin/2556477,"Boykin, Trevone",0,5,72,213,1,0.006896551724137931,0.7222222222222222,29,0.2,0.2,0.2,0.2
trevorsiemian/2553457,"Siemian, Trevor",1,1,75,220,0,-1,NA,0,0,0,0,-1
troyaikman/2499369,"Aikman, Troy",1,11,76,220,0.5,0.1726700971983991,0.5290102389078498,159,1.7272727272727273,0.8181818181818182,1.6363636363636365,27.454545454545453
troytaylor/2503269,"Taylor, Troy",1,2,76,200,1,0.40816326530612246,0.7,24.5,1,0.5,0,10
turkschonert/2525100,"Schonert, Turk",1,0,73,191,0,0,NA,NA,NA,NA,NA,NA
tydetmer/2500379,"Detmer, Ty",1,0,72,189,0,0,NA,NA,NA,NA,NA,NA
tylerbray/2540173,"Bray, Tyler",1,0,78,215,0,0,NA,NA,NA,NA,NA,NA
tylerpalko/2507140,"Palko, Tyler",1,0,73,215,0,0,NA,NA,NA,NA,NA,NA
tylerthigpen/2507244,"Thigpen, Tyler",1,1,73,216,0,0,0.3333333333333333,41,1,0,1,0
tyrodtaylor/2495240,"Taylor, Tyrod",1,3,73,215,0,0.1111111111111111,1,6,0.6666666666666666,0,0,0.6666666666666666
vinceevans/2500575,"Evans, Vince",1,7,74,215,0,0,NA,0,0,0,0,0
vinceferragamo/2513967,"Ferragamo, Vince",1,3,75,212,2,0,0.6,27.666666666666668,0.3333333333333333,0.6666666666666666,0,0
vinceyoung/2506875,"Young, Vince",1,15,77,232,0.9230769230769231,0.25102319236016374,0.5154061624649859,146.6,1.6666666666666667,0.8,0.8666666666666667,36.8
vinnytestaverde/2503284,"Testaverde, Vinny",1,6,77,233,0.8333333333333334,0.04625346901017576,0.4303030303030303,180.16666666666666,3,0.8333333333333334,1,8.333333333333334
virgilcarter/2511213,"Carter, Virgil",1,13,73,192,1,0.1493624772313297,0.5143884892086331,126.6923076923077,1.6153846153846154,0.6923076923076923,0.6923076923076923,18.923076923076923
wallyrichardson/2502656,"Richardson, Wally",1,0,76,225,0,0,NA,NA,NA,NA,NA,NA
williegillus/2514902,"Gillus, Willie",1,1,76,215,0,0,0.4,28,3,0,0,0
